Date,Time,Topic,Message,Client ID
2025-01-09,11:19:11,setup,WZ_MDR_E868E7DFF41E-ST_ON00,PythonMQTTClient
2025-01-09,11:19:38,setup,WZ_4CR_8CAAB5CF47F1-ST_ON00,PythonMQTTClient
2025-01-09,11:20:35,setup,WZ_4CR_8CAAB5CF47F1-SC_home,PythonMQTTClient
2025-01-09,11:20:36,setup,WZ_4CR_8CAAB5CF47F1-S_ACK,PythonMQTTClient
2025-01-09,11:20:45,home,WZ_4CR_8CAAB5CF47F1-R101,PythonMQTTClient
2025-01-09,11:20:49,home,WZ_4CR_8CAAB5CF47F1-R100,PythonMQTTClient
2025-01-09,11:20:55,home,WZ_4CR_8CAAB5CF47F1-R201,PythonMQTTClient
2025-01-09,11:20:59,home,WZ_4CR_8CAAB5CF47F1-R401,PythonMQTTClient
2025-01-09,11:21:02,home,WZ_4CR_8CAAB5CF47F1-R301,PythonMQTTClient
2025-01-09,11:21:06,home,WZ_4CR_8CAAB5CF47F1-R101,PythonMQTTClient
2025-01-09,11:21:11,home,WZ_4CR_8CAAB5CF47F1-R100,PythonMQTTClient
2025-01-09,11:21:16,home,WZ_4CR_8CAAB5CF47F1-R200,PythonMQTTClient
2025-01-09,11:21:19,home,WZ_4CR_8CAAB5CF47F1-R300,PythonMQTTClient
2025-01-09,11:21:23,home,WZ_4CR_8CAAB5CF47F1-R400,PythonMQTTClient
2025-01-09,11:21:30,home,WZ_4CR_8CAAB5CF47F1-R400,PythonMQTTClient
2025-01-09,11:21:39,home,WZ_4CR_8CAAB5CF47F1-R400,PythonMQTTClient
2025-01-09,11:21:44,home,WZ_4CR_8CAAB5CF47F1-R400,PythonMQTTClient
2025-01-09,11:21:50,home,WZ_4CR_8CAAB5CF47F1-R401,PythonMQTTClient
2025-01-09,11:21:54,home,WZ_4CR_8CAAB5CF47F1-R400,PythonMQTTClient
2025-01-09,11:22:01,home,WZ_4CR_8CAAB5CF47F1-R401,PythonMQTTClient
2025-01-09,11:22:21,home,WZ_4CR_8CAAB5CF47F1-R301,PythonMQTTClient
2025-01-09,11:23:07,setup,WZ_4CR_8CAAB5CF47F1-ST_ON00,PythonMQTTClient
2025-01-09,11:23:18,home,WZ_4CR_8CAAB5CF47F1-R301,PythonMQTTClient
2025-01-09,11:23:41,setup,WZ_4CR_8CAAB5CF47F1-SC_home,PythonMQTTClient
2025-01-09,11:23:41,setup,WZ_4CR_8CAAB5CF47F1-S_ACK,PythonMQTTClient
2025-01-09,11:23:52,home,WZ_4CR_8CAAB5CF47F1-R301,PythonMQTTClient
2025-01-09,11:24:04,home,WZ_4CR_8CAAB5CF47F1-R300,PythonMQTTClient
2025-01-09,11:24:17,home,WZ_4CR_8CAAB5CF47F1-R200,PythonMQTTClient
2025-01-09,11:24:21,home,WZ_4CR_8CAAB5CF47F1-R201,PythonMQTTClient
2025-01-09,11:24:25,home,WZ_4CR_8CAAB5CF47F1-R200,PythonMQTTClient
2025-01-09,11:24:45,home,WZ_4CR_8CAAB5CF47F1-R201,PythonMQTTClient
2025-01-09,11:25:04,home,WZ_4CR_8CAAB5CF47F1-R101,PythonMQTTClient
2025-01-09,11:25:10,home,WZ_4CR_8CAAB5CF47F1-R100,PythonMQTTClient
2025-01-09,11:25:14,home,WZ_4CR_8CAAB5CF47F1-R100,PythonMQTTClient
2025-01-09,11:25:44,setup,WZ_4CR_8CAAB5CF47F1-ST_ON00,PythonMQTTClient
2025-01-09,11:29:32,setup,WZ_4CR_8CAAB5CF47F1-ST_ON00,PythonMQTTClient
2025-01-09,11:29:48,setup,WZ_4CR_8CAAB5CF47F1-SC_home,PythonMQTTClient
2025-01-09,11:29:48,setup,WZ_4CR_8CAAB5CF47F1-S_ACK,PythonMQTTClient
2025-01-09,11:30:12,setup,WZ_4CR_8CAAB5CF47F1-ST_ON00,PythonMQTTClient
2025-01-09,11:30:33,home,WZ_4CR_8CAAB5CF47F1-R101,PythonMQTTClient
2025-01-09,11:34:10,setup,WZ_4CR_8CAAB5CF47F1-ST_ON00,PythonMQTTClient
2025-01-09,11:34:56,setup,WZ_4CR_8CAAB5CF47F1-ST_ON00,PythonMQTTClient
2025-01-09,11:36:56,setup,WZ_4CR_8CAAB5CF47F1-ST_ON00,PythonMQTTClient
2025-01-09,11:37:50,setup,WZ_4CR_8CAAB5CF47F1-ST_ON00,PythonMQTTClient
2025-01-09,11:44:17,setup,WZ_4CR_8CAAB5CF47F1-ST_ON00,PythonMQTTClient
2025-01-09,11:46:08,setup,WZ_4CR_8CAAB5CF47F1-ST_ON00,PythonMQTTClient
2025-01-09,11:50:18,setup,WZ_4CR_8CAAB5CF47F1-ST_ON00,PythonMQTTClient
2025-01-09,11:51:44,setup,WZ_4CR_8CAAB5CF47F1-ST_ON00,PythonMQTTClient
2025-01-09,11:53:26,setup,WZ_4CR_8CAAB5CF47F1-ST_ON00,PythonMQTTClient
2025-01-09,11:54:02,setup,WZ_4CR_8CAAB5CF47F1-ST_ON00,PythonMQTTClient
2025-01-09,12:53:24,setup,WZ_MDR_E868E7DFF41E-ST_ON00,PythonMQTTClient
2025-01-09,12:54:10,setup,WZ_MDR_E868E7DFF41E-ST_ON00,PythonMQTTClient
2025-01-09,12:57:50,setup,WZ_MDR_E868E7DFF41E-ST_ON00,PythonMQTTClient
2025-01-09,12:57:58,setup,ALL-ATTENDENCE,PythonMQTTClient
2025-01-09,12:57:58,setup,WZ_MDR_E868E7DFF41E-ST_ON00,PythonMQTTClient
2025-01-09,12:58:38,setup,WZ_MDR_E868E7DFF41E-ST_ON00,PythonMQTTClient
2025-01-09,13:01:00,setup,WZ_4CR_8CAAB5CF47F1-ST_ON00,PythonMQTTClient
2025-01-09,13:02:05,Meeting Room 2,WZ_4CR_8CAAB5CF47F1-K200,PythonMQTTClient
2025-01-09,13:05:16,setup,WZ_MDR_E868E7DFF41E-ST_ON00,PythonMQTTClient
2025-01-09,13:07:05,Meeting Room 2,WZ_4CR_8CAAB5CF47F1-K200,PythonMQTTClient
2025-01-09,13:07:20,setup,WZ_MDR_E868E7DFF41E-ST_ON00,PythonMQTTClient
2025-01-09,13:23:42,Meeting Room 2,WZ_MDR_E868E7DFF41E-S100,PythonMQTTClient
2025-01-09,13:26:29,Meeting Room 2,WZ_MDR_E868E7DFF41E-S101,PythonMQTTClient
2025-01-09,13:26:43,Meeting Room 2,WZ_MDR_E868E7DFF41E-K200,PythonMQTTClient
2025-01-09,13:27:05,Meeting Room 2,WZ_4CR_8CAAB5CF47F1-K200,PythonMQTTClient
2025-01-09,13:28:00,Meeting Room 2,WZ_MDR_E868E7DFF41E-S101,PythonMQTTClient
2025-01-09,13:31:07,Meeting Room 2,WZ_MDR_E868E7DFF41E-S101,PythonMQTTClient
2025-01-09,13:31:08,Meeting Room 2,WZ_4CR_8CAAB5CF47F1-R101,PythonMQTTClient
2025-01-09,13:31:23,Meeting Room 2,WZ_MDR_E868E7DFF41E-S100,PythonMQTTClient
2025-01-09,13:31:23,Meeting Room 2,WZ_4CR_8CAAB5CF47F1-R100,PythonMQTTClient
2025-01-09,13:31:43,Meeting Room 2,WZ_MDR_E868E7DFF41E-K200,PythonMQTTClient
2025-01-09,13:32:05,Meeting Room 2,WZ_4CR_8CAAB5CF47F1-K200,PythonMQTTClient
2025-01-09,13:32:29,Meeting Room 2,WZ_MDR_E868E7DFF41E-S101,PythonMQTTClient
2025-01-09,13:32:29,Meeting Room 2,WZ_4CR_8CAAB5CF47F1-R101,PythonMQTTClient
2025-01-09,13:36:43,Meeting Room 2,WZ_MDR_E868E7DFF41E-K200,PythonMQTTClient
2025-01-09,13:36:50,Meeting Room 2,WZ_MDR_E868E7DFF41E-S101,PythonMQTTClient
2025-01-09,13:36:50,Meeting Room 2,WZ_4CR_8CAAB5CF47F1-R101,PythonMQTTClient
2025-01-09,13:37:05,Meeting Room 2,WZ_4CR_8CAAB5CF47F1-K200,PythonMQTTClient
2025-01-09,13:37:47,setup,ALL-ATTENDENCE,PythonMQTTClient
2025-01-09,13:37:47,setup,WZ_4CR_8CAAB5CF47F1-ST_ON00,PythonMQTTClient
2025-01-09,13:37:47,setup,WZ_MDR_E868E7DFF41E-ST_ON00,PythonMQTTClient
2025-01-09,13:37:47,setup,WZ_4CR_8CAAB5CF47F1-SC_Meeting Room 2,PythonMQTTClient
2025-01-09,13:37:47,setup,WZ_MDR_E868E7DFF41E-SC_Meeting Room 2,PythonMQTTClient
2025-01-09,13:37:47,setup,WZ_4CR_8CAAB5CF47F1-SC_Meeting Room 2,PythonMQTTClient
2025-01-09,13:37:47,setup,WZ_MDR_E868E7DFF41E-SC_Meeting Room 2,PythonMQTTClient
2025-01-09,13:37:58,Meeting Room 2,WZ_4CR_8CAAB5CF47F1-R201,PythonMQTTClient
2025-01-09,13:37:59,Meeting Room 2,WZ_4CR_8CAAB5CF47F1-R101,PythonMQTTClient
2025-01-09,13:38:02,Meeting Room 2,WZ_4CR_8CAAB5CF47F1-R100,PythonMQTTClient
2025-01-09,13:38:04,Meeting Room 2,WZ_4CR_8CAAB5CF47F1-R200,PythonMQTTClient
2025-01-09,13:38:15,Meeting Room 2,WZ_4CR_8CAAB5CF47F1-R201,PythonMQTTClient
2025-01-09,13:38:16,Meeting Room 2,WZ_MDR_E868E7DFF41E-S100,PythonMQTTClient
2025-01-09,13:38:17,Meeting Room 2,WZ_4CR_8CAAB5CF47F1-R100,PythonMQTTClient
2025-01-09,13:38:17,Meeting Room 2,WZ_4CR_8CAAB5CF47F1-R200,PythonMQTTClient
2025-01-09,13:38:17,Meeting Room 2,WZ_4CR_8CAAB5CF47F1-R200,PythonMQTTClient
2025-01-09,13:38:17,Meeting Room 2,WZ_4CR_8CAAB5CF47F1-R200,PythonMQTTClient
2025-01-09,13:38:17,Meeting Room 2,WZ_4CR_8CAAB5CF47F1-R200,PythonMQTTClient
2025-01-09,13:38:17,Meeting Room 2,WZ_4CR_8CAAB5CF47F1-R200,PythonMQTTClient
2025-01-09,13:38:29,Meeting Room 2,WZ_MDR_E868E7DFF41E-S101,PythonMQTTClient
2025-01-09,13:38:30,Meeting Room 2,WZ_4CR_8CAAB5CF47F1-R101,PythonMQTTClient
2025-01-09,13:38:30,Meeting Room 2,WZ_4CR_8CAAB5CF47F1-R201,PythonMQTTClient
2025-01-09,13:40:00,setup,ALL-ATTENDENCE,PythonMQTTClient
2025-01-09,13:40:00,setup,WZ_4CR_8CAAB5CF47F1-ST_ON00,PythonMQTTClient
2025-01-09,13:40:00,setup,WZ_MDR_E868E7DFF41E-ST_ON00,PythonMQTTClient
2025-01-09,13:40:01,setup,WZ_4CR_8CAAB5CF47F1-SC_Meeting Room 2,PythonMQTTClient
2025-01-09,13:40:01,setup,WZ_MDR_E868E7DFF41E-SC_Meeting Room 2,PythonMQTTClient
2025-01-09,13:40:01,setup,WZ_4CR_8CAAB5CF47F1-SC_Meeting Room 2,PythonMQTTClient
2025-01-09,13:40:01,setup,WZ_MDR_E868E7DFF41E-SC_Meeting Room 2,PythonMQTTClient
2025-01-09,13:40:20,Meeting Room 2,WZ_MDR_E868E7DFF41E-D60,PythonMQTTClient
2025-01-09,13:40:36,Meeting Room 2,WZ_4CR_8CAAB5CF47F1-R100,PythonMQTTClient
2025-01-09,13:40:40,Meeting Room 2,WZ_4CR_8CAAB5CF47F1-R200,PythonMQTTClient
2025-01-09,13:40:44,Meeting Room 2,WZ_4CR_8CAAB5CF47F1-R101,PythonMQTTClient
2025-01-09,13:40:45,Meeting Room 2,WZ_4CR_8CAAB5CF47F1-R201,PythonMQTTClient
2025-01-09,13:40:46,Meeting Room 2,WZ_4CR_8CAAB5CF47F1-R200,PythonMQTTClient
2025-01-09,13:40:48,Meeting Room 2,WZ_4CR_8CAAB5CF47F1-R100,PythonMQTTClient
2025-01-09,13:40:56,Meeting Room 2,WZ_MDR_E868E7DFF41E-D15,PythonMQTTClient
2025-01-09,13:41:42,Meeting Room 2,WZ_MDR_E868E7DFF41E-S100,PythonMQTTClient
2025-01-09,13:41:42,Meeting Room 2,WZ_4CR_8CAAB5CF47F1-R100,PythonMQTTClient
2025-01-09,13:41:42,Meeting Room 2,WZ_4CR_8CAAB5CF47F1-R200,PythonMQTTClient
2025-01-09,13:41:43,Meeting Room 2,WZ_MDR_E868E7DFF41E-K200,PythonMQTTClient
2025-01-09,13:41:47,Meeting Room 2,WZ_MDR_E868E7DFF41E-S101,PythonMQTTClient
2025-01-09,13:41:47,Meeting Room 2,WZ_4CR_8CAAB5CF47F1-R101,PythonMQTTClient
2025-01-09,13:41:48,Meeting Room 2,WZ_4CR_8CAAB5CF47F1-R201,PythonMQTTClient
2025-01-09,13:41:48,Meeting Room 2,WZ_4CR_8CAAB5CF47F1-R101,PythonMQTTClient
2025-01-09,13:41:48,Meeting Room 2,WZ_4CR_8CAAB5CF47F1-R101,PythonMQTTClient
2025-01-09,13:41:48,Meeting Room 2,WZ_4CR_8CAAB5CF47F1-R101,PythonMQTTClient
2025-01-09,13:41:48,Meeting Room 2,WZ_4CR_8CAAB5CF47F1-R201,PythonMQTTClient
2025-01-09,13:41:48,Meeting Room 2,WZ_4CR_8CAAB5CF47F1-R201,PythonMQTTClient
2025-01-09,13:41:48,Meeting Room 2,WZ_4CR_8CAAB5CF47F1-R301,PythonMQTTClient
2025-01-09,13:41:48,Meeting Room 2,WZ_4CR_8CAAB5CF47F1-R301,PythonMQTTClient
2025-01-09,13:41:48,Meeting Room 2,WZ_4CR_8CAAB5CF47F1-R301,PythonMQTTClient
2025-01-09,13:41:48,Meeting Room 2,WZ_4CR_8CAAB5CF47F1-R401,PythonMQTTClient
2025-01-09,13:41:48,Meeting Room 2,WZ_4CR_8CAAB5CF47F1-R401,PythonMQTTClient
2025-01-09,13:41:48,Meeting Room 2,WZ_4CR_8CAAB5CF47F1-R401,PythonMQTTClient
2025-01-09,13:41:48,Meeting Room 2,WZ_4CR_8CAAB5CF47F1-R101,PythonMQTTClient
2025-01-09,13:41:48,Meeting Room 2,WZ_4CR_8CAAB5CF47F1-R201,PythonMQTTClient
2025-01-09,13:41:48,Meeting Room 2,WZ_4CR_8CAAB5CF47F1-R301,PythonMQTTClient
2025-01-09,13:41:48,Meeting Room 2,WZ_4CR_8CAAB5CF47F1-R401,PythonMQTTClient
2025-01-09,13:42:05,Meeting Room 2,WZ_4CR_8CAAB5CF47F1-K200,PythonMQTTClient
2025-01-09,13:42:27,Meeting Room 2,WZ_4CR_8CAAB5CF47F1-R300,PythonMQTTClient
2025-01-09,13:42:28,Meeting Room 2,WZ_4CR_8CAAB5CF47F1-R400,PythonMQTTClient
2025-01-09,13:42:29,Meeting Room 2,WZ_4CR_8CAAB5CF47F1-R200,PythonMQTTClient
2025-01-09,13:42:29,Meeting Room 2,WZ_4CR_8CAAB5CF47F1-R100,PythonMQTTClient
2025-01-09,13:42:36,Meeting Room 2,WZ_4CR_8CAAB5CF47F1-R101,PythonMQTTClient
2025-01-09,13:42:39,Meeting Room 2,WZ_4CR_8CAAB5CF47F1-R201,PythonMQTTClient
2025-01-09,13:43:08,Meeting Room 2,WZ_MDR_E868E7DFF41E-S100,PythonMQTTClient
2025-01-09,13:43:09,Meeting Room 2,WZ_4CR_8CAAB5CF47F1-R100,PythonMQTTClient
2025-01-09,13:43:09,Meeting Room 2,WZ_4CR_8CAAB5CF47F1-R100,PythonMQTTClient
2025-01-09,13:43:09,Meeting Room 2,WZ_4CR_8CAAB5CF47F1-R100,PythonMQTTClient
2025-01-09,13:43:10,Meeting Room 2,WZ_4CR_8CAAB5CF47F1-R200,PythonMQTTClient
2025-01-09,13:43:10,Meeting Room 2,WZ_4CR_8CAAB5CF47F1-R200,PythonMQTTClient
2025-01-09,13:43:10,Meeting Room 2,WZ_4CR_8CAAB5CF47F1-R200,PythonMQTTClient
2025-01-09,13:43:10,Meeting Room 2,WZ_4CR_8CAAB5CF47F1-R100,PythonMQTTClient
2025-01-09,13:43:10,Meeting Room 2,WZ_4CR_8CAAB5CF47F1-R200,PythonMQTTClient
2025-01-09,13:43:16,Meeting Room 2,WZ_MDR_E868E7DFF41E-S101,PythonMQTTClient
2025-01-09,13:43:16,Meeting Room 2,WZ_4CR_8CAAB5CF47F1-R101,PythonMQTTClient
2025-01-09,13:43:16,Meeting Room 2,WZ_4CR_8CAAB5CF47F1-R101,PythonMQTTClient
2025-01-09,13:43:16,Meeting Room 2,WZ_4CR_8CAAB5CF47F1-R201,PythonMQTTClient
2025-01-09,13:43:16,Meeting Room 2,WZ_4CR_8CAAB5CF47F1-R201,PythonMQTTClient
2025-01-09,13:43:16,Meeting Room 2,WZ_4CR_8CAAB5CF47F1-R101,PythonMQTTClient
2025-01-09,13:43:16,Meeting Room 2,WZ_4CR_8CAAB5CF47F1-R201,PythonMQTTClient
2025-01-09,13:45:14,Meeting Room 2,WZ_4CR_8CAAB5CF47F1-R100,PythonMQTTClient
2025-01-09,13:45:16,Meeting Room 2,WZ_4CR_8CAAB5CF47F1-R200,PythonMQTTClient
2025-01-09,13:45:18,Meeting Room 2,WZ_4CR_8CAAB5CF47F1-R101,PythonMQTTClient
2025-01-09,13:45:20,Meeting Room 2,WZ_4CR_8CAAB5CF47F1-R201,PythonMQTTClient
2025-01-09,13:45:23,Meeting Room 2,WZ_4CR_8CAAB5CF47F1-R200,PythonMQTTClient
2025-01-09,13:45:26,Meeting Room 2,WZ_4CR_8CAAB5CF47F1-R201,PythonMQTTClient
2025-01-09,13:45:30,Meeting Room 2,WZ_MDR_E868E7DFF41E-S100,PythonMQTTClient
2025-01-09,13:45:30,Meeting Room 2,WZ_4CR_8CAAB5CF47F1-R100,PythonMQTTClient
2025-01-09,13:45:30,Meeting Room 2,WZ_4CR_8CAAB5CF47F1-R200,PythonMQTTClient
2025-01-09,13:45:32,Meeting Room 2,WZ_4CR_8CAAB5CF47F1-R100,PythonMQTTClient
2025-01-09,13:45:32,Meeting Room 2,WZ_4CR_8CAAB5CF47F1-R200,PythonMQTTClient
2025-01-09,13:45:42,Meeting Room 2,WZ_MDR_E868E7DFF41E-S101,PythonMQTTClient
2025-01-09,13:45:43,Meeting Room 2,WZ_4CR_8CAAB5CF47F1-R101,PythonMQTTClient
2025-01-09,13:45:43,Meeting Room 2,WZ_4CR_8CAAB5CF47F1-R101,PythonMQTTClient
2025-01-09,13:45:43,Meeting Room 2,WZ_4CR_8CAAB5CF47F1-R101,PythonMQTTClient
2025-01-09,13:45:43,Meeting Room 2,WZ_4CR_8CAAB5CF47F1-R201,PythonMQTTClient
2025-01-09,13:45:43,Meeting Room 2,WZ_4CR_8CAAB5CF47F1-R201,PythonMQTTClient
2025-01-09,13:45:43,Meeting Room 2,WZ_4CR_8CAAB5CF47F1-R201,PythonMQTTClient
2025-01-09,13:45:43,Meeting Room 2,WZ_4CR_8CAAB5CF47F1-R101,PythonMQTTClient
2025-01-09,13:45:43,Meeting Room 2,WZ_4CR_8CAAB5CF47F1-R201,PythonMQTTClient
2025-01-09,13:46:10,Meeting Room 2,WZ_MDR_E868E7DFF41E-S100,PythonMQTTClient
2025-01-09,13:46:11,Meeting Room 2,WZ_4CR_8CAAB5CF47F1-R100,PythonMQTTClient
2025-01-09,13:46:11,Meeting Room 2,WZ_4CR_8CAAB5CF47F1-R200,PythonMQTTClient
2025-01-09,13:46:11,Meeting Room 2,WZ_4CR_8CAAB5CF47F1-R100,PythonMQTTClient
2025-01-09,13:46:11,Meeting Room 2,WZ_4CR_8CAAB5CF47F1-R200,PythonMQTTClient
2025-01-09,13:46:13,Meeting Room 2,WZ_MDR_E868E7DFF41E-S101,PythonMQTTClient
2025-01-09,13:46:13,Meeting Room 2,WZ_4CR_8CAAB5CF47F1-R101,PythonMQTTClient
2025-01-09,13:46:14,Meeting Room 2,WZ_4CR_8CAAB5CF47F1-R101,PythonMQTTClient
2025-01-09,13:46:14,Meeting Room 2,WZ_4CR_8CAAB5CF47F1-R101,PythonMQTTClient
2025-01-09,13:46:14,Meeting Room 2,WZ_4CR_8CAAB5CF47F1-R201,PythonMQTTClient
2025-01-09,13:46:14,Meeting Room 2,WZ_4CR_8CAAB5CF47F1-R201,PythonMQTTClient
2025-01-09,13:46:14,Meeting Room 2,WZ_4CR_8CAAB5CF47F1-R201,PythonMQTTClient
2025-01-09,13:46:14,Meeting Room 2,WZ_4CR_8CAAB5CF47F1-R101,PythonMQTTClient
2025-01-09,13:46:14,Meeting Room 2,WZ_4CR_8CAAB5CF47F1-R201,PythonMQTTClient
2025-01-09,13:46:26,Meeting Room 2,WZ_MDR_E868E7DFF41E-S100,PythonMQTTClient
2025-01-09,13:46:26,Meeting Room 2,WZ_4CR_8CAAB5CF47F1-R100,PythonMQTTClient
2025-01-09,13:46:26,Meeting Room 2,WZ_4CR_8CAAB5CF47F1-R200,PythonMQTTClient
2025-01-09,13:46:27,Meeting Room 2,WZ_4CR_8CAAB5CF47F1-R100,PythonMQTTClient
2025-01-09,13:46:27,Meeting Room 2,WZ_4CR_8CAAB5CF47F1-R200,PythonMQTTClient
2025-01-09,13:46:36,Meeting Room 2,WZ_MDR_E868E7DFF41E-S101,PythonMQTTClient
2025-01-09,13:46:36,Meeting Room 2,WZ_4CR_8CAAB5CF47F1-R101,PythonMQTTClient
2025-01-09,13:46:37,Meeting Room 2,WZ_4CR_8CAAB5CF47F1-R201,PythonMQTTClient
2025-01-09,13:46:43,Meeting Room 2,WZ_MDR_E868E7DFF41E-K200,PythonMQTTClient
2025-01-09,13:46:51,Meeting Room 2,WZ_MDR_E868E7DFF41E-S101,PythonMQTTClient
2025-01-09,13:47:05,Meeting Room 2,WZ_4CR_8CAAB5CF47F1-K200,PythonMQTTClient
2025-01-09,13:47:08,Meeting Room 2,WZ_MDR_E868E7DFF41E-S100,PythonMQTTClient
2025-01-09,13:47:08,Meeting Room 2,WZ_4CR_8CAAB5CF47F1-R100,PythonMQTTClient
2025-01-09,13:47:08,Meeting Room 2,WZ_4CR_8CAAB5CF47F1-R200,PythonMQTTClient
2025-01-09,13:47:14,Meeting Room 2,WZ_MDR_E868E7DFF41E-S101,PythonMQTTClient
2025-01-09,13:47:20,Meeting Room 2,WZ_4CR_8CAAB5CF47F1-R101,PythonMQTTClient
2025-01-09,13:47:20,Meeting Room 2,WZ_4CR_8CAAB5CF47F1-R201,PythonMQTTClient
2025-01-09,13:47:30,Meeting Room 2,WZ_4CR_8CAAB5CF47F1-R101,PythonMQTTClient
2025-01-09,13:47:30,Meeting Room 2,WZ_4CR_8CAAB5CF47F1-R201,PythonMQTTClient
2025-01-09,13:48:12,Meeting Room 2,WZ_MDR_E868E7DFF41E-S100,PythonMQTTClient
2025-01-09,13:48:12,Meeting Room 2,WZ_4CR_8CAAB5CF47F1-R100,PythonMQTTClient
2025-01-09,13:48:13,Meeting Room 2,WZ_4CR_8CAAB5CF47F1-R200,PythonMQTTClient
2025-01-09,13:48:13,Meeting Room 2,WZ_4CR_8CAAB5CF47F1-R100,PythonMQTTClient
2025-01-09,13:48:13,Meeting Room 2,WZ_4CR_8CAAB5CF47F1-R100,PythonMQTTClient
2025-01-09,13:48:13,Meeting Room 2,WZ_4CR_8CAAB5CF47F1-R100,PythonMQTTClient
2025-01-09,13:48:13,Meeting Room 2,WZ_4CR_8CAAB5CF47F1-R200,PythonMQTTClient
2025-01-09,13:48:35,Meeting Room 2,WZ_MDR_E868E7DFF41E-S101,PythonMQTTClient
2025-01-09,13:48:36,Meeting Room 2,WZ_4CR_8CAAB5CF47F1-R101,PythonMQTTClient
2025-01-09,13:48:36,Meeting Room 2,WZ_4CR_8CAAB5CF47F1-R201,PythonMQTTClient
2025-01-09,13:48:36,Meeting Room 2,WZ_4CR_8CAAB5CF47F1-R101,PythonMQTTClient
2025-01-09,13:48:49,Meeting Room 2,WZ_MDR_E868E7DFF41E-S100,PythonMQTTClient
2025-01-09,13:48:50,Meeting Room 2,WZ_4CR_8CAAB5CF47F1-R100,PythonMQTTClient
2025-01-09,13:48:50,Meeting Room 2,WZ_4CR_8CAAB5CF47F1-R200,PythonMQTTClient
2025-01-09,13:48:59,Meeting Room 2,WZ_MDR_E868E7DFF41E-S101,PythonMQTTClient
2025-01-09,13:49:00,Meeting Room 2,WZ_4CR_8CAAB5CF47F1-R101,PythonMQTTClient
2025-01-09,13:49:00,Meeting Room 2,WZ_4CR_8CAAB5CF47F1-R201,PythonMQTTClient
2025-01-09,13:49:24,Meeting Room 2,WZ_MDR_E868E7DFF41E-S100,PythonMQTTClient
2025-01-09,13:49:31,Meeting Room 2,WZ_4CR_8CAAB5CF47F1-R100,PythonMQTTClient
2025-01-09,13:49:32,Meeting Room 2,WZ_4CR_8CAAB5CF47F1-R200,PythonMQTTClient
2025-01-09,13:49:36,Meeting Room 2,WZ_MDR_E868E7DFF41E-S101,PythonMQTTClient
2025-01-09,13:49:41,Meeting Room 2,WZ_4CR_8CAAB5CF47F1-R101,PythonMQTTClient
2025-01-09,13:49:41,Meeting Room 2,WZ_4CR_8CAAB5CF47F1-R201,PythonMQTTClient
2025-01-09,13:49:41,Meeting Room 2,WZ_4CR_8CAAB5CF47F1-R101,PythonMQTTClient
2025-01-09,13:49:59,Meeting Room 2,WZ_MDR_E868E7DFF41E-S100,PythonMQTTClient
2025-01-09,13:49:59,Meeting Room 2,WZ_4CR_8CAAB5CF47F1-R100,PythonMQTTClient
2025-01-09,13:50:00,Meeting Room 2,WZ_4CR_8CAAB5CF47F1-R200,PythonMQTTClient
2025-01-09,13:50:00,Meeting Room 2,WZ_4CR_8CAAB5CF47F1-R100,PythonMQTTClient
2025-01-09,13:50:00,Meeting Room 2,WZ_4CR_8CAAB5CF47F1-R200,PythonMQTTClient
2025-01-09,13:50:00,Meeting Room 2,WZ_4CR_8CAAB5CF47F1-R100,PythonMQTTClient
2025-01-09,13:50:04,Meeting Room 2,WZ_MDR_E868E7DFF41E-S101,PythonMQTTClient
2025-01-09,13:50:04,Meeting Room 2,WZ_4CR_8CAAB5CF47F1-R101,PythonMQTTClient
2025-01-09,13:50:05,Meeting Room 2,WZ_4CR_8CAAB5CF47F1-R201,PythonMQTTClient
2025-01-09,13:50:49,Meeting Room 2,WZ_MDR_E868E7DFF41E-S100,PythonMQTTClient
2025-01-09,13:50:49,Meeting Room 2,WZ_4CR_8CAAB5CF47F1-R100,PythonMQTTClient
2025-01-09,13:50:50,Meeting Room 2,WZ_4CR_8CAAB5CF47F1-R200,PythonMQTTClient
2025-01-09,13:50:51,Meeting Room 2,WZ_4CR_8CAAB5CF47F1-R100,PythonMQTTClient
2025-01-09,13:50:51,Meeting Room 2,WZ_4CR_8CAAB5CF47F1-R200,PythonMQTTClient
2025-01-09,13:50:51,Meeting Room 2,WZ_4CR_8CAAB5CF47F1-R100,PythonMQTTClient
2025-01-09,13:50:54,Meeting Room 2,WZ_MDR_E868E7DFF41E-S101,PythonMQTTClient
2025-01-09,13:50:55,Meeting Room 2,WZ_4CR_8CAAB5CF47F1-R101,PythonMQTTClient
2025-01-09,13:50:55,Meeting Room 2,WZ_4CR_8CAAB5CF47F1-R201,PythonMQTTClient
2025-01-09,13:50:55,Meeting Room 2,WZ_4CR_8CAAB5CF47F1-R101,PythonMQTTClient
2025-01-09,13:50:57,Meeting Room 2,WZ_4CR_8CAAB5CF47F1-R101,PythonMQTTClient
2025-01-09,13:50:57,Meeting Room 2,WZ_4CR_8CAAB5CF47F1-R201,PythonMQTTClient
2025-01-09,13:51:04,Meeting Room 2,WZ_MDR_E868E7DFF41E-D240,PythonMQTTClient
2025-01-09,13:51:08,Meeting Room 2,WZ_4CR_8CAAB5CF47F1-R100,PythonMQTTClient
2025-01-09,13:51:09,Meeting Room 2,WZ_4CR_8CAAB5CF47F1-R101,PythonMQTTClient
2025-01-09,13:51:43,Meeting Room 2,WZ_MDR_E868E7DFF41E-K200,PythonMQTTClient
2025-01-09,13:51:53,Meeting Room 2,WZ_MDR_E868E7DFF41E-S101,PythonMQTTClient
2025-01-09,13:52:05,Meeting Room 2,WZ_4CR_8CAAB5CF47F1-K200,PythonMQTTClient
2025-01-09,14:02:49,Meeting Room 2,WZ_4CR_8CAAB5CF47F1-R100,PythonMQTTClient
2025-01-09,14:02:51,setup,WZ_MDR_E868E7DFF41E-ST_ON00,PythonMQTTClient
2025-01-09,14:02:53,Meeting Room 2,WZ_4CR_8CAAB5CF47F1-R101,PythonMQTTClient
2025-01-09,14:03:02,setup,WZ_MDR_E868E7DFF41E-ST_ON00,PythonMQTTClient
2025-01-09,14:03:10,setup,WZ_MDR_E868E7DFF41E-ST_ON00,PythonMQTTClient
2025-01-09,14:03:15,setup,WZ_MDR_E868E7DFF41E-ST_ON00,PythonMQTTClient
2025-01-09,14:03:28,setup,WZ_MDR_E868E7DFF41E-ST_ON00,PythonMQTTClient
2025-01-09,14:03:41,setup,WZ_MDR_E868E7DFF41E-ST_ON00,PythonMQTTClient
2025-01-09,14:03:56,setup,WZ_MDR_E868E7DFF41E-ST_ON00,PythonMQTTClient
2025-01-09,14:04:00,setup,WZ_MDR_E868E7DFF41E-ST_ON00,PythonMQTTClient
2025-01-09,14:04:11,setup,WZ_MDR_E868E7DFF41E-ST_ON00,PythonMQTTClient
2025-01-09,14:04:16,setup,WZ_MDR_E868E7DFF41E-ST_ON00,PythonMQTTClient
2025-01-09,14:04:25,setup,WZ_MDR_E868E7DFF41E-ST_ON00,PythonMQTTClient
2025-01-09,14:04:27,setup,WZ_MDR_E868E7DFF41E-ST_ON00,PythonMQTTClient
2025-01-09,14:04:37,setup,WZ_MDR_E868E7DFF41E-ST_ON00,PythonMQTTClient
2025-01-09,14:04:41,setup,WZ_MDR_E868E7DFF41E-ST_ON00,PythonMQTTClient
2025-01-09,14:04:48,setup,WZ_MDR_E868E7DFF41E-ST_ON00,PythonMQTTClient
2025-01-09,14:04:51,setup,WZ_MDR_E868E7DFF41E-ST_ON00,PythonMQTTClient
2025-01-09,14:05:02,setup,WZ_MDR_E868E7DFF41E-ST_ON00,PythonMQTTClient
2025-01-09,14:05:08,setup,WZ_MDR_E868E7DFF41E-ST_ON00,PythonMQTTClient
2025-01-09,14:05:12,setup,WZ_MDR_E868E7DFF41E-ST_ON00,PythonMQTTClient
2025-01-09,14:05:19,setup,WZ_MDR_E868E7DFF41E-ST_ON00,PythonMQTTClient
2025-01-09,14:05:25,setup,WZ_MDR_E868E7DFF41E-ST_ON00,PythonMQTTClient
2025-01-09,14:05:37,setup,WZ_MDR_E868E7DFF41E-ST_ON00,PythonMQTTClient
2025-01-09,14:05:53,setup,WZ_MDR_E868E7DFF41E-ST_ON00,PythonMQTTClient
2025-01-09,14:07:00,setup,WZ_MDR_E868E7DFF41E-ST_ON00,PythonMQTTClient
2025-01-09,14:07:20,setup,WZ_MDR_E868E7DFF41E-ST_ON00,PythonMQTTClient
2025-01-09,14:07:24,setup,WZ_MDR_E868E7DFF41E-ST_ON00,PythonMQTTClient
2025-01-09,14:07:30,setup,WZ_MDR_E868E7DFF41E-ST_ON00,PythonMQTTClient
2025-01-09,14:07:41,setup,WZ_MDR_E868E7DFF41E-ST_ON00,PythonMQTTClient
2025-01-09,14:07:54,setup,WZ_MDR_E868E7DFF41E-ST_ON00,PythonMQTTClient
2025-01-09,14:08:02,setup,WZ_MDR_E868E7DFF41E-ST_ON00,PythonMQTTClient
2025-01-09,14:08:05,setup,WZ_MDR_E868E7DFF41E-ST_ON00,PythonMQTTClient
2025-01-09,14:08:16,setup,WZ_MDR_E868E7DFF41E-ST_ON00,PythonMQTTClient
2025-01-09,14:08:23,setup,WZ_MDR_E868E7DFF41E-ST_ON00,PythonMQTTClient
2025-01-09,14:08:30,setup,WZ_MDR_E868E7DFF41E-ST_ON00,PythonMQTTClient
2025-01-09,14:08:39,setup,WZ_MDR_E868E7DFF41E-ST_ON00,PythonMQTTClient
2025-01-09,14:08:50,setup,WZ_MDR_E868E7DFF41E-ST_ON00,PythonMQTTClient
2025-01-09,14:08:57,setup,WZ_MDR_E868E7DFF41E-ST_ON00,PythonMQTTClient
2025-01-09,14:09:08,setup,WZ_MDR_E868E7DFF41E-ST_ON00,PythonMQTTClient
2025-01-09,14:09:13,setup,WZ_MDR_E868E7DFF41E-ST_ON00,PythonMQTTClient
2025-01-09,14:09:18,setup,WZ_MDR_E868E7DFF41E-ST_ON00,PythonMQTTClient
2025-01-09,14:09:27,setup,WZ_MDR_E868E7DFF41E-ST_ON00,PythonMQTTClient
2025-01-09,14:09:33,setup,WZ_MDR_E868E7DFF41E-ST_ON00,PythonMQTTClient
2025-01-09,14:09:42,setup,WZ_MDR_E868E7DFF41E-ST_ON00,PythonMQTTClient
2025-01-09,14:09:52,setup,WZ_MDR_E868E7DFF41E-ST_ON00,PythonMQTTClient
2025-01-09,14:10:00,setup,WZ_MDR_E868E7DFF41E-ST_ON00,PythonMQTTClient
2025-01-09,14:10:06,setup,WZ_MDR_E868E7DFF41E-ST_ON00,PythonMQTTClient
2025-01-09,14:10:10,setup,WZ_MDR_E868E7DFF41E-ST_ON00,PythonMQTTClient
2025-01-09,14:10:13,setup,WZ_MDR_E868E7DFF41E-ST_ON00,PythonMQTTClient
2025-01-09,14:10:20,setup,WZ_MDR_E868E7DFF41E-ST_ON00,PythonMQTTClient
2025-01-09,14:10:28,setup,WZ_MDR_E868E7DFF41E-ST_ON00,PythonMQTTClient
2025-01-09,14:10:40,setup,WZ_MDR_E868E7DFF41E-ST_ON00,PythonMQTTClient
2025-01-09,14:10:52,setup,WZ_MDR_E868E7DFF41E-ST_ON00,PythonMQTTClient
2025-01-09,14:11:02,setup,WZ_MDR_E868E7DFF41E-ST_ON00,PythonMQTTClient
2025-01-09,14:11:06,setup,WZ_MDR_E868E7DFF41E-ST_ON00,PythonMQTTClient
2025-01-09,14:11:11,setup,WZ_MDR_E868E7DFF41E-ST_ON00,PythonMQTTClient
2025-01-09,14:11:15,setup,WZ_MDR_E868E7DFF41E-ST_ON00,PythonMQTTClient
2025-01-09,14:18:16,setup,ALL-ATTENDENCE,PythonMQTTClient
2025-01-09,14:18:16,setup,WZ_4CR_8CAAB5CF47F1-ST_ON00,PythonMQTTClient
2025-01-09,14:18:21,setup,WZ_MDR_E868E7DFF41E-ST_ON00,PythonMQTTClient
2025-01-09,14:18:34,setup,WZ_MDR_E868E7DFF41E-ST_ON00,PythonMQTTClient
2025-01-09,14:18:46,setup,WZ_MDR_E868E7DFF41E-ST_ON00,PythonMQTTClient
2025-01-09,14:18:57,setup,WZ_MDR_E868E7DFF41E-ST_ON00,PythonMQTTClient
2025-01-09,14:19:10,setup,WZ_MDR_E868E7DFF41E-ST_ON00,PythonMQTTClient
2025-01-09,14:19:14,setup,WZ_MDR_E868E7DFF41E-ST_ON00,PythonMQTTClient
2025-01-09,14:19:18,setup,WZ_MDR_E868E7DFF41E-ST_ON00,PythonMQTTClient
2025-01-09,14:19:27,setup,WZ_MDR_E868E7DFF41E-ST_ON00,PythonMQTTClient
2025-01-09,14:19:33,setup,WZ_MDR_E868E7DFF41E-ST_ON00,PythonMQTTClient
2025-01-09,14:19:38,setup,WZ_MDR_E868E7DFF41E-SC_Meeting Room 2,PythonMQTTClient
2025-01-09,14:19:42,setup,WZ_MDR_E868E7DFF41E-ST_ON00,PythonMQTTClient
2025-01-09,14:19:56,setup,WZ_MDR_E868E7DFF41E-ST_ON00,PythonMQTTClient
2025-01-09,14:20:05,setup,WZ_MDR_E868E7DFF41E-ST_ON00,PythonMQTTClient
2025-01-09,14:20:09,setup,WZ_MDR_E868E7DFF41E-ST_ON00,PythonMQTTClient
2025-01-09,14:21:02,setup,WZ_MDR_E868E7DFF41E-ST_ON00,PythonMQTTClient
2025-01-09,14:21:09,setup,WZ_MDR_E868E7DFF41E-ST_ON00,PythonMQTTClient
2025-01-09,14:21:12,setup,WZ_MDR_E868E7DFF41E-SC_Meeting Room 2,PythonMQTTClient
2025-01-09,14:21:16,setup,WZ_MDR_E868E7DFF41E-ST_ON00,PythonMQTTClient
2025-01-09,14:21:25,setup,WZ_MDR_E868E7DFF41E-ST_ON00,PythonMQTTClient
2025-01-09,14:21:34,setup,WZ_MDR_E868E7DFF41E-ST_ON00,PythonMQTTClient
2025-01-09,14:21:47,setup,WZ_MDR_E868E7DFF41E-ST_ON00,PythonMQTTClient
2025-01-09,14:22:05,Meeting Room 2,WZ_4CR_8CAAB5CF47F1-K200,PythonMQTTClient
2025-01-09,14:22:08,setup,WZ_MDR_E868E7DFF41E-ST_ON00,PythonMQTTClient
2025-01-09,14:22:18,setup,WZ_MDR_E868E7DFF41E-ST_ON00,PythonMQTTClient
2025-01-09,14:22:28,setup,WZ_MDR_E868E7DFF41E-ST_ON00,PythonMQTTClient
2025-01-09,14:22:56,setup,WZ_MDR_E868E7DFF41E-ST_ON00,PythonMQTTClient
2025-01-09,14:23:04,setup,WZ_MDR_E868E7DFF41E-ST_ON00,PythonMQTTClient
2025-01-09,14:23:14,setup,WZ_MDR_E868E7DFF41E-ST_ON00,PythonMQTTClient
2025-01-09,14:23:43,setup,WZ_MDR_E868E7DFF41E-ST_ON00,PythonMQTTClient
2025-01-09,14:23:55,setup,WZ_MDR_E868E7DFF41E-ST_ON00,PythonMQTTClient
2025-01-09,14:24:06,setup,WZ_MDR_E868E7DFF41E-ST_ON00,PythonMQTTClient
2025-01-09,14:24:12,setup,WZ_MDR_E868E7DFF41E-ST_ON00,PythonMQTTClient
2025-01-09,14:24:23,setup,WZ_MDR_E868E7DFF41E-ST_ON00,PythonMQTTClient
2025-01-09,14:24:29,setup,WZ_MDR_E868E7DFF41E-ST_ON00,PythonMQTTClient
2025-01-09,14:24:35,setup,WZ_MDR_E868E7DFF41E-ST_ON00,PythonMQTTClient
2025-01-09,14:24:42,setup,WZ_MDR_E868E7DFF41E-ST_ON00,PythonMQTTClient
2025-01-09,14:24:54,setup,WZ_MDR_E868E7DFF41E-ST_ON00,PythonMQTTClient
2025-01-09,14:25:02,setup,WZ_MDR_E868E7DFF41E-ST_ON00,PythonMQTTClient
2025-01-09,14:25:12,setup,WZ_MDR_E868E7DFF41E-ST_ON00,PythonMQTTClient
2025-01-09,14:25:20,setup,WZ_MDR_E868E7DFF41E-ST_ON00,PythonMQTTClient
2025-01-09,14:25:30,setup,WZ_MDR_E868E7DFF41E-ST_ON00,PythonMQTTClient
2025-01-09,14:25:36,setup,WZ_MDR_E868E7DFF41E-ST_ON00,PythonMQTTClient
2025-01-09,14:25:43,setup,WZ_MDR_E868E7DFF41E-ST_ON00,PythonMQTTClient
2025-01-09,14:25:52,setup,WZ_MDR_E868E7DFF41E-ST_ON00,PythonMQTTClient
2025-01-09,14:26:02,setup,WZ_MDR_E868E7DFF41E-ST_ON00,PythonMQTTClient
2025-01-09,14:26:07,setup,WZ_MDR_E868E7DFF41E-ST_ON00,PythonMQTTClient
2025-01-09,14:26:17,setup,WZ_MDR_E868E7DFF41E-ST_ON00,PythonMQTTClient
2025-01-09,14:26:29,setup,WZ_MDR_E868E7DFF41E-ST_ON00,PythonMQTTClient
2025-01-09,14:26:36,setup,WZ_MDR_E868E7DFF41E-ST_ON00,PythonMQTTClient
2025-01-09,14:26:41,setup,WZ_MDR_E868E7DFF41E-ST_ON00,PythonMQTTClient
2025-01-09,14:26:54,setup,WZ_MDR_E868E7DFF41E-ST_ON00,PythonMQTTClient
2025-01-09,14:27:05,setup,WZ_MDR_E868E7DFF41E-ST_ON00,PythonMQTTClient
2025-01-09,14:27:05,Meeting Room 2,WZ_4CR_8CAAB5CF47F1-K200,PythonMQTTClient
2025-01-09,14:27:14,setup,WZ_MDR_E868E7DFF41E-ST_ON00,PythonMQTTClient
2025-01-09,14:27:23,setup,WZ_MDR_E868E7DFF41E-ST_ON00,PythonMQTTClient
2025-01-09,14:27:28,setup,WZ_MDR_E868E7DFF41E-ST_ON00,PythonMQTTClient
2025-01-09,14:27:36,setup,WZ_MDR_E868E7DFF41E-ST_ON00,PythonMQTTClient
2025-01-09,14:27:45,setup,WZ_MDR_E868E7DFF41E-ST_ON00,PythonMQTTClient
2025-01-09,14:27:54,setup,WZ_MDR_E868E7DFF41E-ST_ON00,PythonMQTTClient
2025-01-09,14:28:05,setup,WZ_MDR_E868E7DFF41E-ST_ON00,PythonMQTTClient
2025-01-09,14:28:32,setup,WZ_MDR_E868E7DFF41E-ST_ON00,PythonMQTTClient
2025-01-09,14:28:46,setup,WZ_MDR_E868E7DFF41E-ST_ON00,PythonMQTTClient
2025-01-09,14:28:51,setup,WZ_MDR_E868E7DFF41E-ST_ON00,PythonMQTTClient
2025-01-09,14:28:57,setup,WZ_MDR_E868E7DFF41E-ST_ON00,PythonMQTTClient
2025-01-09,14:30:41,setup,WZ_MDR_E868E7DFF41E-ST_ON00,PythonMQTTClient
2025-01-09,14:30:50,setup,WZ_MDR_E868E7DFF41E-ST_ON00,PythonMQTTClient
2025-01-09,14:30:54,setup,WZ_MDR_E868E7DFF41E-ST_ON00,PythonMQTTClient
2025-01-09,14:31:02,setup,WZ_MDR_E868E7DFF41E-ST_ON00,PythonMQTTClient
2025-01-09,14:31:10,setup,WZ_MDR_E868E7DFF41E-ST_ON00,PythonMQTTClient
2025-01-09,14:31:16,setup,WZ_MDR_E868E7DFF41E-ST_ON00,PythonMQTTClient
2025-01-09,14:31:22,setup,WZ_MDR_E868E7DFF41E-ST_ON00,PythonMQTTClient
2025-01-09,14:31:25,setup,WZ_MDR_E868E7DFF41E-ST_ON00,PythonMQTTClient
2025-01-09,14:31:31,setup,WZ_MDR_E868E7DFF41E-ST_ON00,PythonMQTTClient
2025-01-09,14:31:34,setup,WZ_MDR_E868E7DFF41E-ST_ON00,PythonMQTTClient
2025-01-09,14:31:46,setup,WZ_MDR_E868E7DFF41E-ST_ON00,PythonMQTTClient
2025-01-09,14:31:52,setup,WZ_MDR_E868E7DFF41E-ST_ON00,PythonMQTTClient
2025-01-09,14:31:58,setup,WZ_MDR_E868E7DFF41E-ST_ON00,PythonMQTTClient
2025-01-09,14:32:05,Meeting Room 2,WZ_4CR_8CAAB5CF47F1-K200,PythonMQTTClient
2025-01-09,14:32:07,setup,WZ_MDR_E868E7DFF41E-ST_ON00,PythonMQTTClient
2025-01-09,14:32:14,setup,WZ_MDR_E868E7DFF41E-ST_ON00,PythonMQTTClient
2025-01-09,14:32:20,setup,WZ_MDR_E868E7DFF41E-ST_ON00,PythonMQTTClient
2025-01-09,14:32:27,setup,WZ_MDR_E868E7DFF41E-ST_ON00,PythonMQTTClient
2025-01-09,14:32:35,setup,WZ_MDR_E868E7DFF41E-ST_ON00,PythonMQTTClient
2025-01-09,14:32:40,setup,WZ_MDR_E868E7DFF41E-ST_ON00,PythonMQTTClient
2025-01-09,14:32:45,setup,WZ_MDR_E868E7DFF41E-ST_ON00,PythonMQTTClient
2025-01-09,14:32:55,setup,WZ_MDR_E868E7DFF41E-ST_ON00,PythonMQTTClient
2025-01-09,14:33:14,setup,WZ_MDR_E868E7DFF41E-ST_ON00,PythonMQTTClient
2025-01-09,14:33:18,setup,WZ_MDR_E868E7DFF41E-ST_ON00,PythonMQTTClient
2025-01-09,14:33:32,setup,WZ_MDR_E868E7DFF41E-ST_ON00,PythonMQTTClient
2025-01-09,14:33:38,setup,WZ_MDR_E868E7DFF41E-ST_ON00,PythonMQTTClient
2025-01-09,14:33:49,setup,WZ_MDR_E868E7DFF41E-ST_ON00,PythonMQTTClient
2025-01-09,14:33:51,setup,WZ_MDR_E868E7DFF41E-ST_ON00,PythonMQTTClient
2025-01-09,14:33:56,setup,WZ_MDR_E868E7DFF41E-ST_ON00,PythonMQTTClient
2025-01-09,14:34:01,setup,WZ_MDR_E868E7DFF41E-ST_ON00,PythonMQTTClient
2025-01-09,14:34:06,setup,WZ_MDR_E868E7DFF41E-ST_ON00,PythonMQTTClient
2025-01-09,14:34:12,setup,WZ_MDR_E868E7DFF41E-ST_ON00,PythonMQTTClient
2025-01-09,14:34:16,setup,WZ_MDR_E868E7DFF41E-ST_ON00,PythonMQTTClient
2025-01-09,14:34:20,setup,WZ_MDR_E868E7DFF41E-ST_ON00,PythonMQTTClient
2025-01-09,14:34:24,setup,WZ_MDR_E868E7DFF41E-ST_ON00,PythonMQTTClient
2025-01-09,14:34:29,setup,WZ_MDR_E868E7DFF41E-ST_ON00,PythonMQTTClient
2025-01-09,14:34:34,setup,WZ_MDR_E868E7DFF41E-ST_ON00,PythonMQTTClient
2025-01-09,14:34:39,setup,WZ_MDR_E868E7DFF41E-ST_ON00,PythonMQTTClient
2025-01-09,14:34:45,setup,WZ_MDR_E868E7DFF41E-ST_ON00,PythonMQTTClient
2025-01-09,14:34:50,setup,WZ_MDR_E868E7DFF41E-ST_ON00,PythonMQTTClient
2025-01-09,14:34:57,setup,WZ_MDR_E868E7DFF41E-ST_ON00,PythonMQTTClient
2025-01-09,14:35:03,setup,WZ_MDR_E868E7DFF41E-ST_ON00,PythonMQTTClient
2025-01-09,14:35:05,setup,WZ_MDR_E868E7DFF41E-ST_ON00,PythonMQTTClient
2025-01-09,14:35:11,setup,WZ_MDR_E868E7DFF41E-ST_ON00,PythonMQTTClient
2025-01-09,14:35:13,setup,WZ_MDR_E868E7DFF41E-ST_ON00,PythonMQTTClient
2025-01-09,14:35:16,setup,WZ_MDR_E868E7DFF41E-ST_ON00,PythonMQTTClient
2025-01-09,14:35:20,setup,WZ_MDR_E868E7DFF41E-ST_ON00,PythonMQTTClient
2025-01-09,14:35:23,setup,WZ_MDR_E868E7DFF41E-ST_ON00,PythonMQTTClient
2025-01-09,14:35:28,setup,WZ_MDR_E868E7DFF41E-ST_ON00,PythonMQTTClient
2025-01-09,14:35:32,setup,WZ_MDR_E868E7DFF41E-ST_ON00,PythonMQTTClient
2025-01-09,14:35:36,setup,WZ_MDR_E868E7DFF41E-ST_ON00,PythonMQTTClient
2025-01-09,14:35:39,setup,WZ_MDR_E868E7DFF41E-ST_ON00,PythonMQTTClient
2025-01-09,14:35:46,setup,WZ_MDR_E868E7DFF41E-ST_ON00,PythonMQTTClient
2025-01-09,14:35:51,setup,WZ_MDR_E868E7DFF41E-ST_ON00,PythonMQTTClient
2025-01-09,14:35:54,setup,WZ_MDR_E868E7DFF41E-ST_ON00,PythonMQTTClient
2025-01-09,14:35:57,setup,WZ_MDR_E868E7DFF41E-ST_ON00,PythonMQTTClient
2025-01-09,14:36:00,setup,WZ_MDR_E868E7DFF41E-ST_ON00,PythonMQTTClient
2025-01-09,14:36:04,setup,WZ_MDR_E868E7DFF41E-ST_ON00,PythonMQTTClient
2025-01-09,14:36:08,setup,WZ_MDR_E868E7DFF41E-ST_ON00,PythonMQTTClient
2025-01-09,14:36:13,setup,WZ_MDR_E868E7DFF41E-ST_ON00,PythonMQTTClient
2025-01-09,14:36:16,setup,WZ_MDR_E868E7DFF41E-ST_ON00,PythonMQTTClient
2025-01-09,14:36:20,setup,WZ_MDR_E868E7DFF41E-ST_ON00,PythonMQTTClient
2025-01-09,14:36:25,setup,WZ_MDR_E868E7DFF41E-ST_ON00,PythonMQTTClient
2025-01-09,14:36:30,setup,WZ_MDR_E868E7DFF41E-ST_ON00,PythonMQTTClient
2025-01-09,14:36:34,setup,WZ_MDR_E868E7DFF41E-ST_ON00,PythonMQTTClient
2025-01-09,14:36:41,setup,WZ_MDR_E868E7DFF41E-ST_ON00,PythonMQTTClient
2025-01-09,14:36:45,setup,WZ_MDR_E868E7DFF41E-ST_ON00,PythonMQTTClient
2025-01-09,14:36:51,setup,WZ_MDR_E868E7DFF41E-ST_ON00,PythonMQTTClient
2025-01-09,14:37:05,Meeting Room 2,WZ_4CR_8CAAB5CF47F1-K200,PythonMQTTClient
2025-01-09,14:40:30,setup,WZ_MDR_E868E7DFF41E-ST_ON00,PythonMQTTClient
2025-01-09,14:40:38,setup,WZ_MDR_E868E7DFF41E-ST_ON00,PythonMQTTClient
2025-01-09,14:40:44,setup,WZ_MDR_E868E7DFF41E-ST_ON00,PythonMQTTClient
2025-01-09,14:40:50,setup,WZ_MDR_E868E7DFF41E-ST_ON00,PythonMQTTClient
2025-01-09,14:40:56,setup,WZ_MDR_E868E7DFF41E-ST_ON00,PythonMQTTClient
2025-01-09,14:40:59,setup,WZ_MDR_E868E7DFF41E-ST_ON00,PythonMQTTClient
2025-01-09,14:41:04,setup,WZ_MDR_E868E7DFF41E-ST_ON00,PythonMQTTClient
2025-01-09,14:41:09,setup,WZ_MDR_E868E7DFF41E-ST_ON00,PythonMQTTClient
2025-01-09,14:41:13,setup,WZ_MDR_E868E7DFF41E-ST_ON00,PythonMQTTClient
2025-01-09,14:41:20,setup,WZ_MDR_E868E7DFF41E-ST_ON00,PythonMQTTClient
2025-01-09,14:41:24,setup,WZ_MDR_E868E7DFF41E-ST_ON00,PythonMQTTClient
2025-01-09,14:41:27,setup,WZ_MDR_E868E7DFF41E-ST_ON00,PythonMQTTClient
2025-01-09,14:41:30,setup,WZ_MDR_E868E7DFF41E-ST_ON00,PythonMQTTClient
2025-01-09,14:41:34,setup,WZ_MDR_E868E7DFF41E-ST_ON00,PythonMQTTClient
2025-01-09,14:41:39,setup,WZ_MDR_E868E7DFF41E-ST_ON00,PythonMQTTClient
2025-01-09,14:41:43,setup,WZ_MDR_E868E7DFF41E-ST_ON00,PythonMQTTClient
2025-01-09,14:41:49,setup,WZ_MDR_E868E7DFF41E-ST_ON00,PythonMQTTClient
2025-01-09,14:41:53,setup,WZ_MDR_E868E7DFF41E-ST_ON00,PythonMQTTClient
2025-01-09,14:41:56,setup,WZ_MDR_E868E7DFF41E-ST_ON00,PythonMQTTClient
2025-01-09,14:42:03,setup,WZ_MDR_E868E7DFF41E-ST_ON00,PythonMQTTClient
2025-01-09,14:42:05,Meeting Room 2,WZ_4CR_8CAAB5CF47F1-K200,PythonMQTTClient
2025-01-09,14:42:05,setup,WZ_MDR_E868E7DFF41E-ST_ON00,PythonMQTTClient
2025-01-09,14:42:09,setup,WZ_MDR_E868E7DFF41E-ST_ON00,PythonMQTTClient
2025-01-09,14:42:16,setup,WZ_MDR_E868E7DFF41E-ST_ON00,PythonMQTTClient
2025-01-09,14:42:21,setup,WZ_MDR_E868E7DFF41E-ST_ON00,PythonMQTTClient
2025-01-09,14:42:26,setup,WZ_MDR_E868E7DFF41E-ST_ON00,PythonMQTTClient
2025-01-09,14:42:33,setup,WZ_MDR_E868E7DFF41E-ST_ON00,PythonMQTTClient
2025-01-09,14:42:41,setup,WZ_MDR_E868E7DFF41E-ST_ON00,PythonMQTTClient
2025-01-09,14:42:48,setup,WZ_MDR_E868E7DFF41E-ST_ON00,PythonMQTTClient
2025-01-09,14:42:55,setup,WZ_MDR_E868E7DFF41E-ST_ON00,PythonMQTTClient
2025-01-09,14:43:01,setup,WZ_MDR_E868E7DFF41E-ST_ON00,PythonMQTTClient
2025-01-09,14:43:10,setup,WZ_MDR_E868E7DFF41E-ST_ON00,PythonMQTTClient
2025-01-09,14:43:17,setup,WZ_MDR_E868E7DFF41E-ST_ON00,PythonMQTTClient
2025-01-09,14:43:21,setup,WZ_MDR_E868E7DFF41E-ST_ON00,PythonMQTTClient
2025-01-09,14:43:25,setup,WZ_MDR_E868E7DFF41E-ST_ON00,PythonMQTTClient
2025-01-09,14:43:28,setup,WZ_MDR_E868E7DFF41E-ST_ON00,PythonMQTTClient
2025-01-09,14:43:35,setup,WZ_MDR_E868E7DFF41E-ST_ON00,PythonMQTTClient
2025-01-09,14:43:40,setup,WZ_MDR_E868E7DFF41E-ST_ON00,PythonMQTTClient
2025-01-09,14:43:49,setup,WZ_MDR_E868E7DFF41E-ST_ON00,PythonMQTTClient
2025-01-09,14:43:52,setup,WZ_MDR_E868E7DFF41E-ST_ON00,PythonMQTTClient
2025-01-09,14:43:57,setup,WZ_MDR_E868E7DFF41E-ST_ON00,PythonMQTTClient
2025-01-09,14:44:08,setup,WZ_MDR_E868E7DFF41E-ST_ON00,PythonMQTTClient
2025-01-09,14:44:12,setup,WZ_MDR_E868E7DFF41E-ST_ON00,PythonMQTTClient
2025-01-09,14:45:16,setup,WZ_MDR_E868E7DFF41E-ST_ON00,PythonMQTTClient
2025-01-09,14:45:19,setup,WZ_MDR_E868E7DFF41E-ST_ON00,PythonMQTTClient
2025-01-09,14:45:24,setup,WZ_MDR_E868E7DFF41E-ST_ON00,PythonMQTTClient
2025-01-09,14:45:31,setup,WZ_MDR_E868E7DFF41E-ST_ON00,PythonMQTTClient
2025-01-09,14:45:35,setup,WZ_MDR_E868E7DFF41E-ST_ON00,PythonMQTTClient
2025-01-09,14:45:40,setup,WZ_MDR_E868E7DFF41E-ST_ON00,PythonMQTTClient
2025-01-09,14:45:43,setup,WZ_MDR_E868E7DFF41E-ST_ON00,PythonMQTTClient
2025-01-09,14:45:43,setup,ALL-ATTENDENCE,PythonMQTTClient
2025-01-09,14:45:44,setup,WZ_4CR_8CAAB5CF47F1-ST_ON00,PythonMQTTClient
2025-01-09,14:45:44,setup,WZ_4CR_8CAAB5CF47F1-SC_Meeting Room 2,PythonMQTTClient
2025-01-09,14:45:44,setup,WZ_MDR_E868E7DFF41E-SC_Meeting Room 2,PythonMQTTClient
2025-01-09,14:45:50,setup,WZ_MDR_E868E7DFF41E-ST_ON00,PythonMQTTClient
2025-01-09,14:45:50,setup,WZ_4CR_8CAAB5CF47F1-SC_Meeting Room 2,PythonMQTTClient
2025-01-09,14:45:50,setup,WZ_MDR_E868E7DFF41E-SC_Meeting Room 2,PythonMQTTClient
2025-01-09,14:45:58,setup,WZ_MDR_E868E7DFF41E-ST_ON00,PythonMQTTClient
2025-01-09,14:46:01,setup,WZ_MDR_E868E7DFF41E-ST_ON00,PythonMQTTClient
2025-01-09,14:46:05,setup,WZ_MDR_E868E7DFF41E-ST_ON00,PythonMQTTClient
2025-01-09,14:46:09,setup,WZ_MDR_E868E7DFF41E-ST_ON00,PythonMQTTClient
2025-01-09,14:46:13,setup,WZ_MDR_E868E7DFF41E-ST_ON00,PythonMQTTClient
2025-01-09,14:46:23,setup,WZ_MDR_E868E7DFF41E-ST_ON00,PythonMQTTClient
2025-01-09,14:46:33,home,WZ_4CR_8CAAB5CF47F1-R100,PythonMQTTClient
2025-01-09,14:46:45,home,WZ_4CR_8CAAB5CF47F1-R101,PythonMQTTClient
2025-01-09,14:47:06,Meeting Room 2,WZ_4CR_8CAAB5CF47F1-K200,PythonMQTTClient
2025-01-09,14:47:06,setup,ALL-ATTENDENCE,PythonMQTTClient
2025-01-09,14:47:07,setup,WZ_4CR_8CAAB5CF47F1-ST_ON00,PythonMQTTClient
2025-01-09,14:47:07,setup,WZ_4CR_8CAAB5CF47F1-SC_home,PythonMQTTClient
2025-01-09,14:47:08,setup,WZ_4CR_8CAAB5CF47F1-S_ACK,PythonMQTTClient
2025-01-09,14:47:24,home,WZ_4CR_8CAAB5CF47F1-R100,PythonMQTTClient
2025-01-09,14:47:27,home,WZ_4CR_8CAAB5CF47F1-R101,PythonMQTTClient
2025-01-09,14:48:19,setup,ALL-ATTENDENCE,PythonMQTTClient
2025-01-09,14:48:20,setup,WZ_4CR_8CAAB5CF47F1-ST_ON00,PythonMQTTClient
2025-01-09,14:48:20,setup,WZ_4CR_8CAAB5CF47F1-SC_home,PythonMQTTClient
2025-01-09,14:48:20,setup,WZ_MDR_E868E7DFF41E-SC_home,PythonMQTTClient
2025-01-09,14:48:53,setup,WZ_MDR_E868E7DFF41E-ST_ON00,PythonMQTTClient
2025-01-09,14:48:54,setup,WZ_4CR_8CAAB5CF47F1-SC_home,PythonMQTTClient
2025-01-09,14:48:54,setup,WZ_4CR_8CAAB5CF47F1-SC_home,PythonMQTTClient
2025-01-09,14:48:54,setup,WZ_MDR_E868E7DFF41E-SC_home,PythonMQTTClient
2025-01-09,14:48:54,setup,WZ_MDR_E868E7DFF41E-SC_home,PythonMQTTClient
2025-01-09,14:48:55,setup,WZ_MDR_E868E7DFF41E-S_ACK,PythonMQTTClient
2025-01-09,14:49:02,home,WZ_MDR_E868E7DFF41E-S101,PythonMQTTClient
2025-01-09,14:49:03,home,WZ_MDR_E868E7DFF41E-S100,PythonMQTTClient
2025-01-09,14:49:03,home,WZ_4CR_8CAAB5CF47F1-R301,PythonMQTTClient
2025-01-09,14:49:03,home,WZ_4CR_8CAAB5CF47F1-R301,PythonMQTTClient
2025-01-09,14:49:03,home,WZ_4CR_8CAAB5CF47F1-R401,PythonMQTTClient
2025-01-09,14:49:03,home,WZ_4CR_8CAAB5CF47F1-R401,PythonMQTTClient
2025-01-09,14:49:03,home,WZ_4CR_8CAAB5CF47F1-R301,PythonMQTTClient
2025-01-09,14:49:03,home,WZ_4CR_8CAAB5CF47F1-R401,PythonMQTTClient
2025-01-09,14:49:03,home,WZ_4CR_8CAAB5CF47F1-R100,PythonMQTTClient
2025-01-09,14:49:03,home,WZ_4CR_8CAAB5CF47F1-R100,PythonMQTTClient
2025-01-09,14:49:03,home,WZ_4CR_8CAAB5CF47F1-R200,PythonMQTTClient
2025-01-09,14:49:03,home,WZ_4CR_8CAAB5CF47F1-R200,PythonMQTTClient
2025-01-09,14:49:03,home,WZ_4CR_8CAAB5CF47F1-R300,PythonMQTTClient
2025-01-09,14:49:03,home,WZ_4CR_8CAAB5CF47F1-R300,PythonMQTTClient
2025-01-09,14:49:03,home,WZ_4CR_8CAAB5CF47F1-R400,PythonMQTTClient
2025-01-09,14:49:03,home,WZ_4CR_8CAAB5CF47F1-R400,PythonMQTTClient
2025-01-09,14:49:03,home,WZ_4CR_8CAAB5CF47F1-R200,PythonMQTTClient
2025-01-09,14:49:03,home,WZ_4CR_8CAAB5CF47F1-R300,PythonMQTTClient
2025-01-09,14:49:03,home,WZ_4CR_8CAAB5CF47F1-R400,PythonMQTTClient
2025-01-09,14:49:10,home,WZ_MDR_E868E7DFF41E-S101,PythonMQTTClient
2025-01-09,14:49:10,home,WZ_4CR_8CAAB5CF47F1-R201,PythonMQTTClient
2025-01-09,14:49:10,home,WZ_4CR_8CAAB5CF47F1-R201,PythonMQTTClient
2025-01-09,14:49:10,home,WZ_MDR_E868E7DFF41E-S100,PythonMQTTClient
2025-01-09,14:49:11,home,WZ_4CR_8CAAB5CF47F1-R100,PythonMQTTClient
2025-01-09,14:49:12,home,WZ_4CR_8CAAB5CF47F1-R200,PythonMQTTClient
2025-01-09,14:49:12,home,WZ_4CR_8CAAB5CF47F1-R100,PythonMQTTClient
2025-01-09,14:49:12,home,WZ_4CR_8CAAB5CF47F1-R200,PythonMQTTClient
2025-01-09,14:49:12,home,WZ_4CR_8CAAB5CF47F1-R100,PythonMQTTClient
2025-01-09,14:49:12,home,WZ_4CR_8CAAB5CF47F1-R200,PythonMQTTClient
2025-01-09,14:49:21,home,WZ_MDR_E868E7DFF41E-D240,PythonMQTTClient
2025-01-09,14:49:32,home,WZ_MDR_E868E7DFF41E-S101,PythonMQTTClient
2025-01-09,14:49:32,home,WZ_4CR_8CAAB5CF47F1-R101,PythonMQTTClient
2025-01-09,14:49:32,home,WZ_4CR_8CAAB5CF47F1-R201,PythonMQTTClient
2025-01-09,14:49:32,home,WZ_4CR_8CAAB5CF47F1-R101,PythonMQTTClient
2025-01-09,14:49:32,home,WZ_4CR_8CAAB5CF47F1-R201,PythonMQTTClient
2025-01-09,14:52:05,home,WZ_4CR_8CAAB5CF47F1-K200,PythonMQTTClient
2025-01-09,14:54:37,setup,WZ_MDR_E868E7DFF41E-ST_ON00,PythonMQTTClient
2025-01-09,14:54:37,setup,WZ_4CR_8CAAB5CF47F1-SC_home,PythonMQTTClient
2025-01-09,14:54:37,setup,WZ_MDR_E868E7DFF41E-SC_home,PythonMQTTClient
2025-01-09,14:54:37,home,WZ_MDR_E868E7DFF41E-S100,PythonMQTTClient
2025-01-09,16:30:57,home,WZ_MDR_94B97E15DCEB-S100,PythonMQTTClient
2025-01-09,16:31:32,setup,ALL-ATTENDENCE,PythonMQTTClient
2025-01-09,16:31:32,setup,WZ_MDR_94B97E15DCEB-ST_ON00,PythonMQTTClient
2025-01-09,16:31:33,setup,WZ_4CR_8CAAB5CF47F1-ST_ON00,PythonMQTTClient
2025-01-09,16:31:33,setup,WZ_4CR_8CAAB5CF47F1-SC_home,PythonMQTTClient
2025-01-09,16:31:33,setup,WZ_MDR_94B97E15DCEB-SC_home,PythonMQTTClient
2025-01-09,16:31:33,setup,WZ_4CR_8CAAB5CF47F1-SC_home,PythonMQTTClient
2025-01-09,16:31:33,setup,WZ_MDR_94B97E15DCEB-SC_home,PythonMQTTClient
2025-01-09,16:31:53,home,WZ_MDR_94B97E15DCEB-S301,PythonMQTTClient
2025-01-09,16:31:53,home,WZ_MDR_94B97E15DCEB-S101,PythonMQTTClient
2025-01-09,16:32:05,home,WZ_4CR_8CAAB5CF47F1-K200,PythonMQTTClient
2025-01-09,16:32:05,home,WZ_MDR_94B97E15DCEB-S301,PythonMQTTClient
2025-01-09,16:32:05,home,WZ_MDR_94B97E15DCEB-S101,PythonMQTTClient
2025-01-09,16:32:20,home,WZ_MDR_94B97E15DCEB-S301,PythonMQTTClient
2025-01-09,16:32:20,home,WZ_MDR_94B97E15DCEB-S101,PythonMQTTClient
2025-01-09,16:32:39,home,WZ_MDR_94B97E15DCEB-S301,PythonMQTTClient
2025-01-09,16:32:40,home,WZ_MDR_94B97E15DCEB-S101,PythonMQTTClient
2025-01-09,16:33:07,home,WZ_MDR_94B97E15DCEB-S100,PythonMQTTClient
2025-01-09,16:33:08,home,WZ_4CR_8CAAB5CF47F1-R100,PythonMQTTClient
2025-01-09,16:33:08,home,WZ_4CR_8CAAB5CF47F1-R100,PythonMQTTClient
2025-01-09,16:33:08,home,WZ_4CR_8CAAB5CF47F1-R100,PythonMQTTClient
2025-01-09,16:33:20,home,WZ_MDR_94B97E15DCEB-S301,PythonMQTTClient
2025-01-09,16:33:20,home,WZ_MDR_94B97E15DCEB-S101,PythonMQTTClient
2025-01-09,16:33:21,home,WZ_4CR_8CAAB5CF47F1-R101,PythonMQTTClient
2025-01-09,16:33:23,home,WZ_MDR_94B97E15DCEB-S301,PythonMQTTClient
2025-01-09,16:33:24,home,WZ_MDR_94B97E15DCEB-S101,PythonMQTTClient
2025-01-09,16:33:26,home,WZ_MDR_94B97E15DCEB-S301,PythonMQTTClient
2025-01-09,16:33:26,home,WZ_MDR_94B97E15DCEB-S101,PythonMQTTClient
2025-01-09,16:33:30,home,WZ_MDR_94B97E15DCEB-S301,PythonMQTTClient
2025-01-09,16:34:05,setup,WZ_MDR_94B97E15DCEB-ST_ON00,PythonMQTTClient
2025-01-09,16:34:05,setup,WZ_4CR_8CAAB5CF47F1-SC_home,PythonMQTTClient
2025-01-09,16:34:05,setup,WZ_MDR_94B97E15DCEB-SC_home,PythonMQTTClient
2025-01-09,16:34:06,home,WZ_MDR_94B97E15DCEB-S100,PythonMQTTClient
2025-01-09,16:34:06,home,WZ_4CR_8CAAB5CF47F1-R100,PythonMQTTClient
2025-01-09,16:34:06,home,WZ_4CR_8CAAB5CF47F1-R100,PythonMQTTClient
2025-01-09,16:35:04,setup,WZ_MDR_94B97E15DCEB-ST_ON00,PythonMQTTClient
2025-01-09,16:35:04,setup,WZ_4CR_8CAAB5CF47F1-SC_home,PythonMQTTClient
2025-01-09,16:35:04,setup,WZ_MDR_94B97E15DCEB-SC_home,PythonMQTTClient
2025-01-09,16:35:04,home,WZ_MDR_94B97E15DCEB-S100,PythonMQTTClient
2025-01-09,16:35:07,home,WZ_MDR_94B97E15DCEBS301,PythonMQTTClient
2025-01-09,16:35:08,home,WZ_MDR_94B97E15DCEB-S101,PythonMQTTClient
2025-01-09,16:35:18,home,WZ_MDR_94B97E15DCEBS301,PythonMQTTClient
2025-01-09,16:35:21,home,WZ_MDR_94B97E15DCEBS301,PythonMQTTClient
2025-01-09,16:35:40,home,WZ_MDR_94B97E15DCEBS301,PythonMQTTClient
2025-01-09,16:35:45,home,WZ_MDR_94B97E15DCEBS301,PythonMQTTClient
2025-01-09,16:36:12,setup,WZ_MDR_94B97E15DCEB-ST_ON00,PythonMQTTClient
2025-01-09,16:36:13,home,WZ_MDR_94B97E15DCEB-S100,PythonMQTTClient
2025-01-09,16:36:14,home,WZ_MDR_94B97E15DCEBS301,PythonMQTTClient
2025-01-09,16:36:14,home,WZ_MDR_94B97E15DCEB-S101,PythonMQTTClient
2025-01-09,16:36:18,home,WZ_MDR_94B97E15DCEBS301,PythonMQTTClient
2025-01-09,16:36:18,home,WZ_MDR_94B97E15DCEB-S101,PythonMQTTClient
2025-01-09,16:36:24,home,WZ_MDR_94B97E15DCEBS301,PythonMQTTClient
2025-01-09,16:36:28,home,WZ_MDR_94B97E15DCEBS301,PythonMQTTClient
2025-01-09,16:37:01,setup,WZ_MDR_94B97E15DCEB-ST_ON00,PythonMQTTClient
2025-01-09,16:37:02,home,WZ_MDR_94B97E15DCEB-S100,PythonMQTTClient
2025-01-09,16:37:04,home,WZ_4CR_8CAAB5CF47F1-K200,PythonMQTTClient
2025-01-09,16:37:28,home,WZ_MDR_94B97E15DCEB-D30,PythonMQTTClient
2025-01-09,16:37:44,home,WZ_MDR_94B97E15DCEB-S301,PythonMQTTClient
2025-01-09,16:37:44,home,WZ_MDR_94B97E15DCEB-S101,PythonMQTTClient
2025-01-09,16:38:12,home,WZ_MDR_94B97E15DCEB-S100,PythonMQTTClient
2025-01-09,16:40:25,home,WZ_MDR_94B97E15DCEB-S301,PythonMQTTClient
2025-01-09,16:40:26,home,WZ_MDR_94B97E15DCEB-S101,PythonMQTTClient
2025-01-09,16:40:54,home,WZ_MDR_94B97E15DCEB-S100,PythonMQTTClient
2025-01-09,16:41:44,home,WZ_MDR_94B97E15DCEB-K200,PythonMQTTClient
2025-01-09,16:42:04,home,WZ_4CR_8CAAB5CF47F1-K200,PythonMQTTClient
2025-01-09,16:42:05,home,WZ_MDR_94B97E15DCEB-S301,PythonMQTTClient
2025-01-09,16:42:06,home,WZ_MDR_94B97E15DCEB-S101,PythonMQTTClient
2025-01-09,16:42:11,home,WZ_MDR_94B97E15DCEB-S301,PythonMQTTClient
2025-01-09,16:42:16,home,WZ_MDR_94B97E15DCEB-S301,PythonMQTTClient
2025-01-09,16:42:43,home,WZ_MDR_94B97E15DCEB-D90,PythonMQTTClient
2025-01-09,16:43:45,home,WZ_MDR_94B97E15DCEB-S100,PythonMQTTClient
2025-01-09,16:44:38,home,WZ_MDR_94B97E15DCEB-D300,PythonMQTTClient
2025-01-09,16:44:46,home,WZ_MDR_94B97E15DCEB-S301,PythonMQTTClient
2025-01-09,16:44:47,home,WZ_MDR_94B97E15DCEB-S101,PythonMQTTClient
2025-01-09,16:46:44,home,WZ_MDR_94B97E15DCEB-K200,PythonMQTTClient
2025-01-09,16:47:04,home,WZ_4CR_8CAAB5CF47F1-K200,PythonMQTTClient
2025-01-09,16:49:45,home,WZ_MDR_94B97E15DCEB-S100,PythonMQTTClient
2025-01-09,16:50:47,home,WZ_MDR_94B97E15DCEB-S301,PythonMQTTClient
2025-01-09,16:50:47,home,WZ_MDR_94B97E15DCEB-S101,PythonMQTTClient
2025-01-09,16:51:09,home,WZ_MDR_94B97E15DCEB-D150,PythonMQTTClient
2025-01-09,16:51:22,home,WZ_MDR_94B97E15DCEB-S301,PythonMQTTClient
2025-01-09,16:51:44,home,WZ_MDR_94B97E15DCEB-K200,PythonMQTTClient
2025-01-09,16:52:04,home,WZ_4CR_8CAAB5CF47F1-K200,PythonMQTTClient
2025-01-09,16:53:51,home,WZ_MDR_94B97E15DCEB-S100,PythonMQTTClient
2025-01-09,16:55:12,home,WZ_MDR_94B97E15DCEB-S301,PythonMQTTClient
2025-01-09,16:55:12,home,WZ_MDR_94B97E15DCEB-S101,PythonMQTTClient
2025-01-09,16:55:15,home,WZ_MDR_94B97E15DCEB-S301,PythonMQTTClient
2025-01-09,16:55:18,home,WZ_MDR_94B97E15DCEB-S301,PythonMQTTClient
2025-01-09,16:56:33,home,WZ_MDR_94B97E15DCEB-S301,PythonMQTTClient
2025-01-09,16:56:44,home,WZ_MDR_94B97E15DCEB-K200,PythonMQTTClient
2025-01-09,16:56:50,home,WZ_MDR_94B97E15DCEB-S301,PythonMQTTClient
2025-01-09,16:56:51,home,WZ_MDR_94B97E15DCEB-S101,PythonMQTTClient
2025-01-09,16:57:04,home,WZ_4CR_8CAAB5CF47F1-K200,PythonMQTTClient
2025-01-09,16:57:19,home,WZ_MDR_94B97E15DCEB-S301,PythonMQTTClient
2025-01-09,16:57:22,home,WZ_MDR_94B97E15DCEB-S301,PythonMQTTClient
2025-01-09,16:58:12,home,WZ_MDR_94B97E15DCEB-S301,PythonMQTTClient
2025-01-09,16:58:30,home,WZ_MDR_94B97E15DCEB-S301,PythonMQTTClient
2025-01-09,16:58:35,home,WZ_MDR_94B97E15DCEB-S301,PythonMQTTClient
2025-01-09,16:58:38,home,WZ_MDR_94B97E15DCEB-S301,PythonMQTTClient
2025-01-09,16:58:42,home,WZ_MDR_94B97E15DCEB-S301,PythonMQTTClient
2025-01-09,16:58:45,home,WZ_MDR_94B97E15DCEB-S301,PythonMQTTClient
2025-01-09,16:58:48,home,WZ_MDR_94B97E15DCEB-S301,PythonMQTTClient
2025-01-09,16:58:52,home,WZ_MDR_94B97E15DCEB-S301,PythonMQTTClient
2025-01-09,16:59:10,home,WZ_MDR_94B97E15DCEB-S301,PythonMQTTClient
2025-01-09,16:59:14,home,WZ_MDR_94B97E15DCEB-S301,PythonMQTTClient
2025-01-09,16:59:43,home,WZ_MDR_94B97E15DCEB-S301,PythonMQTTClient
2025-01-09,16:59:44,home,WZ_MDR_94B97E15DCEB-S301,PythonMQTTClient
2025-01-09,17:01:09,setup,ALL-ATTENDENCE,PythonMQTTClient
2025-01-09,17:01:09,setup,WZ_MDR_94B97E15DCEB-ST_ON00,PythonMQTTClient
2025-01-09,17:01:09,setup,WZ_4CR_8CAAB5CF47F1-ST_ON00,PythonMQTTClient
2025-01-09,17:01:09,setup,WZ_4CR_8CAAB5CF47F1-SC_home,PythonMQTTClient
2025-01-09,17:01:09,setup,WZ_MDR_94B97E15DCEB-SC_home,PythonMQTTClient
2025-01-09,17:01:09,setup,WZ_4CR_8CAAB5CF47F1-SC_home,PythonMQTTClient
2025-01-09,17:01:10,setup,WZ_MDR_94B97E15DCEB-SC_home,PythonMQTTClient
2025-01-09,17:01:20,home,WZ_4CR_8CAAB5CF47F1-R200,PythonMQTTClient
2025-01-09,17:01:21,home,WZ_4CR_8CAAB5CF47F1-R201,PythonMQTTClient
2025-01-09,17:01:29,home,WZ_4CR_8CAAB5CF47F1-R101,PythonMQTTClient
2025-01-09,17:01:45,home,WZ_MDR_94B97E15DCEB-S301,PythonMQTTClient
2025-01-09,17:01:46,home,WZ_MDR_94B97E15DCEB-K200,PythonMQTTClient
2025-01-09,17:02:04,home,WZ_4CR_8CAAB5CF47F1-K200,PythonMQTTClient
2025-01-09,17:02:29,home,WZ_MDR_94B97E15DCEB-S301,PythonMQTTClient
2025-01-09,17:02:29,home,WZ_MDR_94B97E15DCEB-S101,PythonMQTTClient
2025-01-09,17:03:10,home,WZ_MDR_94B97E15DCEB-S301,PythonMQTTClient
2025-01-09,17:04:02,home,WZ_MDR_94B97E15DCEB-S301,PythonMQTTClient
2025-01-09,17:05:33,home,WZ_MDR_94B97E15DCEB-S301,PythonMQTTClient
2025-01-09,17:05:40,home,WZ_MDR_94B97E15DCEB-S301,PythonMQTTClient
2025-01-09,17:06:02,home,WZ_MDR_94B97E15DCEB-S301,PythonMQTTClient
2025-01-09,17:06:06,home,WZ_MDR_94B97E15DCEB-S301,PythonMQTTClient
2025-01-09,17:06:14,home,WZ_MDR_94B97E15DCEB-S301,PythonMQTTClient
2025-01-09,17:06:17,home,WZ_MDR_94B97E15DCEB-S301,PythonMQTTClient
2025-01-09,17:06:21,home,WZ_MDR_94B97E15DCEB-S301,PythonMQTTClient
2025-01-09,17:06:26,home,WZ_MDR_94B97E15DCEB-S301,PythonMQTTClient
2025-01-09,17:06:39,home,WZ_MDR_94B97E15DCEB-S301,PythonMQTTClient
2025-01-09,17:06:44,home,WZ_MDR_94B97E15DCEB-K200,PythonMQTTClient
2025-01-09,17:06:49,home,WZ_MDR_94B97E15DCEB-S301,PythonMQTTClient
2025-01-09,17:06:49,home,WZ_MDR_94B97E15DCEB-S101,PythonMQTTClient
2025-01-09,17:06:52,home,WZ_MDR_94B97E15DCEB-S301,PythonMQTTClient
2025-01-09,17:06:56,home,WZ_MDR_94B97E15DCEB-S301,PythonMQTTClient
2025-01-09,17:07:00,home,WZ_MDR_94B97E15DCEB-S301,PythonMQTTClient
2025-01-09,17:07:03,home,WZ_MDR_94B97E15DCEB-S301,PythonMQTTClient
2025-01-09,17:07:04,home,WZ_4CR_8CAAB5CF47F1-K200,PythonMQTTClient
2025-01-09,17:07:07,home,WZ_MDR_94B97E15DCEB-S301,PythonMQTTClient
2025-01-09,17:07:10,home,WZ_MDR_94B97E15DCEB-S301,PythonMQTTClient
2025-01-09,17:07:14,home,WZ_MDR_94B97E15DCEB-S301,PythonMQTTClient
2025-01-09,17:07:18,home,WZ_MDR_94B97E15DCEB-S301,PythonMQTTClient
2025-01-09,17:07:23,home,WZ_MDR_94B97E15DCEB-S301,PythonMQTTClient
2025-01-09,17:07:27,home,WZ_MDR_94B97E15DCEB-S301,PythonMQTTClient
2025-01-09,17:07:30,home,WZ_MDR_94B97E15DCEB-S301,PythonMQTTClient
2025-01-09,17:07:33,home,WZ_MDR_94B97E15DCEB-S301,PythonMQTTClient
2025-01-09,17:07:37,home,WZ_MDR_94B97E15DCEB-S301,PythonMQTTClient
2025-01-09,17:07:37,home,WZ_MDR_94B97E15DCEB-S100,PythonMQTTClient
2025-01-09,17:07:41,home,WZ_MDR_94B97E15DCEB-S301,PythonMQTTClient
2025-01-09,17:07:42,home,WZ_MDR_94B97E15DCEB-S101,PythonMQTTClient
2025-01-09,17:07:42,home,WZ_MDR_94B97E15DCEB-S301,PythonMQTTClient
2025-01-09,17:07:47,home,WZ_MDR_94B97E15DCEB-S301,PythonMQTTClient
2025-01-09,17:07:52,home,WZ_MDR_94B97E15DCEB-S301,PythonMQTTClient
2025-01-09,17:07:55,home,WZ_MDR_94B97E15DCEB-S301,PythonMQTTClient
2025-01-09,17:07:59,home,WZ_MDR_94B97E15DCEB-S301,PythonMQTTClient
2025-01-09,17:08:04,home,WZ_MDR_94B97E15DCEB-S301,PythonMQTTClient
2025-01-09,17:08:08,home,WZ_MDR_94B97E15DCEB-S301,PythonMQTTClient
2025-01-09,17:08:12,home,WZ_MDR_94B97E15DCEB-S301,PythonMQTTClient
2025-01-09,17:08:14,home,WZ_MDR_94B97E15DCEB-S301,PythonMQTTClient
2025-01-09,17:08:15,home,WZ_MDR_94B97E15DCEB-S100,PythonMQTTClient
2025-01-09,17:08:16,setup,ALL-ATTENDENCE,PythonMQTTClient
2025-01-09,17:08:16,setup,WZ_MDR_94B97E15DCEB-ST_ON00,PythonMQTTClient
2025-01-09,17:08:16,setup,WZ_4CR_8CAAB5CF47F1-ST_ON00,PythonMQTTClient
2025-01-09,17:08:16,setup,WZ_4CR_8CAAB5CF47F1-SC_home,PythonMQTTClient
2025-01-09,17:08:16,setup,WZ_MDR_94B97E15DCEB-SC_home,PythonMQTTClient
2025-01-09,17:08:16,setup,WZ_4CR_8CAAB5CF47F1-SC_home,PythonMQTTClient
2025-01-09,17:08:16,setup,WZ_MDR_94B97E15DCEB-SC_home,PythonMQTTClient
2025-01-09,17:08:17,home,WZ_MDR_94B97E15DCEB-S301,PythonMQTTClient
2025-01-09,17:08:17,home,WZ_MDR_94B97E15DCEB-S101,PythonMQTTClient
2025-01-09,17:08:22,home,WZ_MDR_94B97E15DCEB-S301,PythonMQTTClient
2025-01-09,17:08:25,home,WZ_MDR_94B97E15DCEB-S301,PythonMQTTClient
2025-01-09,17:08:29,home,WZ_MDR_94B97E15DCEB-S301,PythonMQTTClient
2025-01-09,17:08:33,home,WZ_MDR_94B97E15DCEB-S301,PythonMQTTClient
2025-01-09,17:08:37,home,WZ_MDR_94B97E15DCEB-S301,PythonMQTTClient
2025-01-09,17:08:57,home,WZ_MDR_94B97E15DCEB-S301,PythonMQTTClient
2025-01-09,17:09:04,home,WZ_MDR_94B97E15DCEB-S301,PythonMQTTClient
2025-01-09,17:09:13,home,WZ_MDR_94B97E15DCEB-S301,PythonMQTTClient
2025-01-09,17:09:14,home,WZ_MDR_94B97E15DCEB-S100,PythonMQTTClient
2025-01-09,17:09:15,home,WZ_4CR_8CAAB5CF47F1-R100,PythonMQTTClient
2025-01-09,17:09:19,home,WZ_MDR_94B97E15DCEB-S301,PythonMQTTClient
2025-01-09,17:09:19,home,WZ_MDR_94B97E15DCEB-S101,PythonMQTTClient
2025-01-09,17:09:20,home,WZ_MDR_94B97E15DCEB-S301,PythonMQTTClient
2025-01-09,17:09:47,setup,WZ_4CR_8CAAB5CF47F1-ST_ON00,PythonMQTTClient
2025-01-09,17:09:48,setup,WZ_MDR_94B97E15DCEB-ST_ON00,PythonMQTTClient
2025-01-09,17:09:48,home,WZ_MDR_94B97E15DCEB-S101,PythonMQTTClient
2025-01-09,17:09:49,setup,ALL-ATTENDENCE,PythonMQTTClient
2025-01-09,17:09:50,setup,WZ_4CR_8CAAB5CF47F1-ST_ON00,PythonMQTTClient
2025-01-09,17:09:50,setup,WZ_MDR_94B97E15DCEB-ST_ON00,PythonMQTTClient
2025-01-09,17:09:54,home,WZ_MDR_94B97E15DCEB-S301,PythonMQTTClient
2025-01-09,17:09:56,home,WZ_MDR_94B97E15DCEB-S301,PythonMQTTClient
2025-01-09,17:09:59,home,WZ_MDR_94B97E15DCEB-S301,PythonMQTTClient
2025-01-09,17:10:02,home,WZ_MDR_94B97E15DCEB-S301,PythonMQTTClient
2025-01-09,17:11:46,home,WZ_MDR_94B97E15DCEB-S301,PythonMQTTClient
2025-01-09,17:11:46,home,WZ_MDR_94B97E15DCEB-K200,PythonMQTTClient
2025-01-09,17:12:04,home,WZ_4CR_8CAAB5CF47F1-K200,PythonMQTTClient
2025-01-09,17:13:09,setup,WZ_MDR_94B97E15DCEB-ST_ON00,PythonMQTTClient
2025-01-09,17:13:10,home,WZ_MDR_94B97E15DCEB-S100,PythonMQTTClient
2025-01-09,17:13:34,home,WZ_MDR_94B97E15DCEB-S301,PythonMQTTClient
2025-01-09,17:13:34,home,WZ_MDR_94B97E15DCEB-S101,PythonMQTTClient
2025-01-09,17:14:47,home,WZ_MDR_94B97E15DCEB-S301,PythonMQTTClient
2025-01-09,17:14:51,home,WZ_MDR_94B97E15DCEB-S301,PythonMQTTClient
2025-01-09,17:15:00,home,WZ_MDR_94B97E15DCEB-S301,PythonMQTTClient
2025-01-09,17:15:03,home,WZ_MDR_94B97E15DCEB-S301,PythonMQTTClient
2025-01-09,17:15:06,home,WZ_MDR_94B97E15DCEB-S301,PythonMQTTClient
2025-01-09,17:15:10,home,WZ_MDR_94B97E15DCEB-S301,PythonMQTTClient
2025-01-09,17:15:26,home,WZ_MDR_94B97E15DCEB-S301,PythonMQTTClient
2025-01-09,17:16:13,home,WZ_MDR_94B97E15DCEB-S301,PythonMQTTClient
2025-01-09,17:16:40,setup,ALL-ATTENDENCE,PythonMQTTClient
2025-01-09,17:16:40,setup,WZ_4CR_8CAAB5CF47F1-ST_ON00,PythonMQTTClient
2025-01-09,17:16:40,setup,WZ_MDR_94B97E15DCEB-ST_ON00,PythonMQTTClient
2025-01-09,17:16:40,setup,WZ_4CR_8CAAB5CF47F1-SC_home,PythonMQTTClient
2025-01-09,17:16:40,setup,WZ_MDR_94B97E15DCEB-SC_home,PythonMQTTClient
2025-01-09,17:16:40,setup,WZ_4CR_8CAAB5CF47F1-SC_home,PythonMQTTClient
2025-01-09,17:16:40,setup,WZ_MDR_94B97E15DCEB-SC_home,PythonMQTTClient
2025-01-09,17:16:52,home,WZ_4CR_8CAAB5CF47F1-R200,PythonMQTTClient
2025-01-09,17:16:53,home,WZ_4CR_8CAAB5CF47F1-R201,PythonMQTTClient
2025-01-09,17:17:04,home,WZ_4CR_8CAAB5CF47F1-K200,PythonMQTTClient
2025-01-09,17:17:49,home,WZ_MDR_94B97E15DCEB-K200,PythonMQTTClient
2025-01-09,17:18:40,home,WZ_MDR_94B97E15DCEB-S100,PythonMQTTClient
2025-01-09,17:18:41,home,WZ_4CR_8CAAB5CF47F1-R100,PythonMQTTClient
2025-01-09,17:19:10,home,WZ_MDR_94B97E15DCEB-S301,PythonMQTTClient
2025-01-09,17:19:11,home,WZ_MDR_94B97E15DCEB-S101,PythonMQTTClient
2025-01-09,17:19:11,home,WZ_4CR_8CAAB5CF47F1-R101,PythonMQTTClient
2025-01-09,17:19:11,home,WZ_4CR_8CAAB5CF47F1-R101,PythonMQTTClient
2025-01-09,17:19:54,home,WZ_MDR_94B97E15DCEB-S301,PythonMQTTClient
2025-01-09,17:20:06,home,WZ_MDR_94B97E15DCEB-S301,PythonMQTTClient
2025-01-09,17:20:09,home,WZ_MDR_94B97E15DCEB-S301,PythonMQTTClient
2025-01-09,17:20:33,home,WZ_MDR_94B97E15DCEB-S301,PythonMQTTClient
2025-01-09,17:21:52,home,WZ_MDR_94B97E15DCEB-S301,PythonMQTTClient
2025-01-09,17:22:04,home,WZ_4CR_8CAAB5CF47F1-K200,PythonMQTTClient
2025-01-09,17:22:49,home,WZ_MDR_94B97E15DCEB-K200,PythonMQTTClient
2025-01-09,17:23:57,home,WZ_MDR_94B97E15DCEB-S301,PythonMQTTClient
2025-01-09,17:23:57,home,WZ_MDR_94B97E15DCEB-S101,PythonMQTTClient
2025-01-09,17:24:33,home,WZ_MDR_94B97E15DCEB-S301,PythonMQTTClient
2025-01-09,17:24:35,home,WZ_MDR_94B97E15DCEB-S301,PythonMQTTClient
2025-01-09,17:26:03,home,WZ_MDR_94B97E15DCEB-S301,PythonMQTTClient
2025-01-09,17:26:06,home,WZ_MDR_94B97E15DCEB-S301,PythonMQTTClient
2025-01-09,17:27:04,home,WZ_4CR_8CAAB5CF47F1-K200,PythonMQTTClient
2025-01-09,17:27:49,home,WZ_MDR_94B97E15DCEB-K200,PythonMQTTClient
2025-01-09,17:28:18,home,WZ_MDR_94B97E15DCEB-S301,PythonMQTTClient
2025-01-09,17:28:18,home,WZ_MDR_94B97E15DCEB-S101,PythonMQTTClient
2025-01-09,17:28:44,home,WZ_MDR_94B97E15DCEB-S301,PythonMQTTClient
2025-01-09,17:29:13,home,WZ_MDR_94B97E15DCEB-S301,PythonMQTTClient
2025-01-09,17:29:15,home,WZ_MDR_94B97E15DCEB-D45,PythonMQTTClient
2025-01-09,17:29:37,setup,ALL-ATTENDENCE,PythonMQTTClient
2025-01-09,17:29:37,setup,WZ_4CR_8CAAB5CF47F1-ST_ON00,PythonMQTTClient
2025-01-09,17:29:37,setup,WZ_MDR_94B97E15DCEB-ST_ON00,PythonMQTTClient
2025-01-09,17:29:38,setup,WZ_4CR_8CAAB5CF47F1-SC_home,PythonMQTTClient
2025-01-09,17:29:38,setup,WZ_MDR_94B97E15DCEB-SC_home,PythonMQTTClient
2025-01-09,17:29:38,setup,WZ_4CR_8CAAB5CF47F1-SC_home,PythonMQTTClient
2025-01-09,17:29:38,setup,WZ_MDR_94B97E15DCEB-SC_home,PythonMQTTClient
2025-01-09,17:29:51,home,WZ_MDR_94B97E15DCEB-S301,PythonMQTTClient
2025-01-09,17:29:56,home,WZ_MDR_94B97E15DCEB-S301,PythonMQTTClient
2025-01-09,17:29:59,home,WZ_MDR_94B97E15DCEB-S301,PythonMQTTClient
2025-01-09,17:30:02,home,WZ_MDR_94B97E15DCEB-S301,PythonMQTTClient
2025-01-09,17:30:06,home,WZ_MDR_94B97E15DCEB-S301,PythonMQTTClient
2025-01-09,17:30:10,home,WZ_MDR_94B97E15DCEB-S301,PythonMQTTClient
2025-01-09,17:30:12,home,WZ_MDR_94B97E15DCEB-S301,PythonMQTTClient
2025-01-09,17:30:56,home,WZ_MDR_94B97E15DCEB-S100,PythonMQTTClient
2025-01-09,17:30:56,home,WZ_4CR_8CAAB5CF47F1-R100,PythonMQTTClient
2025-01-09,17:31:36,home,WZ_MDR_94B97E15DCEB-S301,PythonMQTTClient
2025-01-09,17:31:37,home,WZ_MDR_94B97E15DCEB-S101,PythonMQTTClient
2025-01-09,17:31:40,home,WZ_MDR_94B97E15DCEB-S301,PythonMQTTClient
2025-01-09,17:31:45,home,WZ_MDR_94B97E15DCEB-S301,PythonMQTTClient
2025-01-09,17:31:48,home,WZ_MDR_94B97E15DCEB-S301,PythonMQTTClient
2025-01-09,17:32:04,home,WZ_4CR_8CAAB5CF47F1-K200,PythonMQTTClient
2025-01-09,17:32:32,home,WZ_MDR_94B97E15DCEB-S100,PythonMQTTClient
2025-01-09,17:32:49,home,WZ_MDR_94B97E15DCEB-K200,PythonMQTTClient
2025-01-09,17:35:19,setup,ALL-ATTENDENCE,PythonMQTTClient
2025-01-09,17:35:19,home,WZ_4CR_8CAAB5CF47F1-R201,PythonMQTTClient
2025-01-09,17:35:19,home,WZ_4CR_8CAAB5CF47F1-R200,PythonMQTTClient
2025-01-09,17:35:19,setup,WZ_4CR_8CAAB5CF47F1-ST_ON00,PythonMQTTClient
2025-01-09,17:35:19,setup,WZ_MDR_94B97E15DCEB-ST_ON00,PythonMQTTClient
2025-01-09,17:35:26,setup,ALL-ATTENDENCE,PythonMQTTClient
2025-01-09,17:35:26,home,WZ_4CR_8CAAB5CF47F1-R200,PythonMQTTClient
2025-01-09,17:35:26,home,WZ_4CR_8CAAB5CF47F1-R201,PythonMQTTClient
2025-01-09,17:35:26,home,WZ_4CR_8CAAB5CF47F1-R200,PythonMQTTClient
2025-01-09,17:35:26,home,WZ_4CR_8CAAB5CF47F1-R201,PythonMQTTClient
2025-01-09,17:35:26,home,WZ_4CR_8CAAB5CF47F1-R200,PythonMQTTClient
2025-01-09,17:35:26,home,WZ_4CR_8CAAB5CF47F1-R201,PythonMQTTClient
2025-01-09,17:35:26,setup,WZ_MDR_94B97E15DCEB-ST_ON00,PythonMQTTClient
2025-01-09,17:35:26,setup,WZ_4CR_8CAAB5CF47F1-ST_ON00,PythonMQTTClient
2025-01-09,17:36:01,home,WZ_4CR_8CAAB5CF47F1-R101,PythonMQTTClient
2025-01-09,17:36:35,home,WZ_MDR_94B97E15DCEB-S301,PythonMQTTClient
2025-01-09,17:36:35,home,WZ_MDR_94B97E15DCEB-S101,PythonMQTTClient
2025-01-09,17:36:38,home,WZ_MDR_94B97E15DCEB-S301,PythonMQTTClient
2025-01-09,17:37:04,home,WZ_4CR_8CAAB5CF47F1-K200,PythonMQTTClient
2025-01-09,17:37:20,home,WZ_MDR_94B97E15DCEB-S100,PythonMQTTClient
2025-01-09,17:37:27,home,WZ_MDR_94B97E15DCEB-S301,PythonMQTTClient
2025-01-09,17:37:27,home,WZ_MDR_94B97E15DCEB-S101,PythonMQTTClient
2025-01-09,17:37:31,home,WZ_MDR_94B97E15DCEB-S301,PythonMQTTClient
2025-01-09,17:37:34,home,WZ_MDR_94B97E15DCEB-S301,PythonMQTTClient
2025-01-09,17:37:49,home,WZ_MDR_94B97E15DCEB-K200,PythonMQTTClient
2025-01-09,17:38:13,home,WZ_MDR_94B97E15DCEB-S301,PythonMQTTClient
2025-01-09,17:38:14,home,WZ_MDR_94B97E15DCEB-S101,PythonMQTTClient
2025-01-09,17:38:19,setup,ALL-ATTENDENCE,PythonMQTTClient
2025-01-09,17:38:20,setup,WZ_MDR_94B97E15DCEB-ST_ON00,PythonMQTTClient
2025-01-09,17:38:20,setup,WZ_4CR_8CAAB5CF47F1-ST_ON00,PythonMQTTClient
2025-01-09,17:38:20,setup,WZ_4CR_8CAAB5CF47F1-SC_home,PythonMQTTClient
2025-01-09,17:38:20,setup,WZ_MDR_94B97E15DCEB-SC_home,PythonMQTTClient
2025-01-09,17:38:20,setup,WZ_4CR_8CAAB5CF47F1-SC_home,PythonMQTTClient
2025-01-09,17:38:20,setup,WZ_MDR_94B97E15DCEB-SC_home,PythonMQTTClient
2025-01-09,17:38:56,home,WZ_MDR_94B97E15DCEB-S100,PythonMQTTClient
2025-01-09,17:38:56,home,WZ_4CR_8CAAB5CF47F1-R100,PythonMQTTClient
2025-01-09,17:38:56,home,WZ_4CR_8CAAB5CF47F1-R100,PythonMQTTClient
2025-01-09,17:38:56,home,WZ_4CR_8CAAB5CF47F1-R200,PythonMQTTClient
2025-01-09,17:38:56,home,WZ_4CR_8CAAB5CF47F1-R200,PythonMQTTClient
2025-01-09,17:38:56,home,WZ_4CR_8CAAB5CF47F1-R100,PythonMQTTClient
2025-01-09,17:38:56,home,WZ_4CR_8CAAB5CF47F1-R200,PythonMQTTClient
2025-01-09,17:39:05,home,WZ_MDR_94B97E15DCEB-S301,PythonMQTTClient
2025-01-09,17:39:05,home,WZ_MDR_94B97E15DCEB-S101,PythonMQTTClient
2025-01-09,17:39:05,home,WZ_4CR_8CAAB5CF47F1-R101,PythonMQTTClient
2025-01-09,17:39:05,home,WZ_4CR_8CAAB5CF47F1-R201,PythonMQTTClient
2025-01-09,17:39:05,home,WZ_4CR_8CAAB5CF47F1-R301,PythonMQTTClient
2025-01-09,17:39:06,home,WZ_4CR_8CAAB5CF47F1-R401,PythonMQTTClient
2025-01-09,17:39:06,home,WZ_4CR_8CAAB5CF47F1-R101,PythonMQTTClient
2025-01-09,17:39:06,home,WZ_4CR_8CAAB5CF47F1-R201,PythonMQTTClient
2025-01-09,17:39:06,home,WZ_4CR_8CAAB5CF47F1-R301,PythonMQTTClient
2025-01-09,17:39:06,home,WZ_4CR_8CAAB5CF47F1-R401,PythonMQTTClient
2025-01-09,17:39:08,home,WZ_MDR_94B97E15DCEB-S301,PythonMQTTClient
2025-01-09,17:39:25,home,WZ_MDR_94B97E15DCEB-S301,PythonMQTTClient
2025-01-09,17:39:31,home,WZ_MDR_94B97E15DCEB-S301,PythonMQTTClient
2025-01-09,17:39:37,home,WZ_MDR_94B97E15DCEB-S301,PythonMQTTClient
2025-01-09,17:40:19,home,WZ_MDR_94B97E15DCEB-S301,PythonMQTTClient
2025-01-09,17:40:36,home,WZ_4CR_8CAAB5CF47F1-R400,PythonMQTTClient
2025-01-09,17:40:39,home,WZ_4CR_8CAAB5CF47F1-R300,PythonMQTTClient
2025-01-09,17:40:45,home,WZ_4CR_8CAAB5CF47F1-R200,PythonMQTTClient
2025-01-09,17:40:46,home,WZ_4CR_8CAAB5CF47F1-R201,PythonMQTTClient
2025-01-09,17:41:02,home,WZ_MDR_94B97E15DCEB-S100,PythonMQTTClient
2025-01-09,17:41:03,home,WZ_4CR_8CAAB5CF47F1-R100,PythonMQTTClient
2025-01-09,17:41:03,home,WZ_4CR_8CAAB5CF47F1-R100,PythonMQTTClient
2025-01-09,17:41:03,home,WZ_4CR_8CAAB5CF47F1-R100,PythonMQTTClient
2025-01-09,17:41:03,home,WZ_4CR_8CAAB5CF47F1-R100,PythonMQTTClient
2025-01-09,17:42:04,home,WZ_4CR_8CAAB5CF47F1-K200,PythonMQTTClient
2025-01-09,17:42:49,home,WZ_MDR_94B97E15DCEB-K200,PythonMQTTClient
2025-01-09,17:43:24,home,WZ_MDR_94B97E15DCEB-S301,PythonMQTTClient
2025-01-09,17:43:24,home,WZ_MDR_94B97E15DCEB-S101,PythonMQTTClient
2025-01-09,17:43:24,home,WZ_4CR_8CAAB5CF47F1-R101,PythonMQTTClient
2025-01-09,17:43:25,home,WZ_4CR_8CAAB5CF47F1-R101,PythonMQTTClient
2025-01-09,17:43:25,home,WZ_4CR_8CAAB5CF47F1-R101,PythonMQTTClient
2025-01-09,17:43:27,home,WZ_MDR_94B97E15DCEB-S301,PythonMQTTClient
2025-01-09,17:43:31,home,WZ_MDR_94B97E15DCEB-S301,PythonMQTTClient
2025-01-09,17:43:36,home,WZ_MDR_94B97E15DCEB-S301,PythonMQTTClient
2025-01-09,17:43:40,home,WZ_MDR_94B97E15DCEB-S301,PythonMQTTClient
2025-01-09,17:43:44,home,WZ_MDR_94B97E15DCEB-S301,PythonMQTTClient
2025-01-09,17:43:51,home,WZ_MDR_94B97E15DCEB-S301,PythonMQTTClient
2025-01-09,17:43:55,home,WZ_MDR_94B97E15DCEB-S301,PythonMQTTClient
2025-01-09,17:43:58,home,WZ_MDR_94B97E15DCEB-S301,PythonMQTTClient
2025-01-09,17:44:06,home,WZ_MDR_94B97E15DCEB-S301,PythonMQTTClient
2025-01-09,17:44:06,home,WZ_MDR_94B97E15DCEB-S301,PythonMQTTClient
2025-01-09,17:44:10,home,WZ_MDR_94B97E15DCEB-S301,PythonMQTTClient
2025-01-09,17:44:14,home,WZ_MDR_94B97E15DCEB-S301,PythonMQTTClient
2025-01-09,17:44:17,home,WZ_MDR_94B97E15DCEB-S301,PythonMQTTClient
2025-01-09,17:44:20,home,WZ_MDR_94B97E15DCEB-S301,PythonMQTTClient
2025-01-09,17:44:24,home,WZ_MDR_94B97E15DCEB-S301,PythonMQTTClient
2025-01-09,17:44:30,home,WZ_MDR_94B97E15DCEB-S301,PythonMQTTClient
2025-01-09,17:44:33,home,WZ_MDR_94B97E15DCEB-S301,PythonMQTTClient
2025-01-09,17:44:38,home,WZ_MDR_94B97E15DCEB-S301,PythonMQTTClient
2025-01-09,17:44:40,home,WZ_MDR_94B97E15DCEB-S301,PythonMQTTClient
2025-01-09,17:44:43,home,WZ_MDR_94B97E15DCEB-S301,PythonMQTTClient
2025-01-09,17:44:46,home,WZ_MDR_94B97E15DCEB-S301,PythonMQTTClient
2025-01-09,17:44:50,home,WZ_MDR_94B97E15DCEB-S301,PythonMQTTClient
2025-01-09,17:44:55,home,WZ_MDR_94B97E15DCEB-S301,PythonMQTTClient
2025-01-09,17:44:58,home,WZ_MDR_94B97E15DCEB-S301,PythonMQTTClient
2025-01-09,17:45:03,home,WZ_MDR_94B97E15DCEB-S301,PythonMQTTClient
2025-01-09,17:45:11,home,WZ_MDR_94B97E15DCEB-S301,PythonMQTTClient
2025-01-09,17:45:29,home,WZ_MDR_94B97E15DCEB-S301,PythonMQTTClient
2025-01-09,17:45:35,home,WZ_MDR_94B97E15DCEB-S301,PythonMQTTClient
2025-01-09,17:46:38,home,WZ_MDR_94B97E15DCEB-S301,PythonMQTTClient
2025-01-09,17:46:47,home,WZ_MDR_94B97E15DCEB-S301,PythonMQTTClient
2025-01-09,17:46:49,setup,WZ_4CR_8CAAB5CF47F1-ST_ON00,PythonMQTTClient
2025-01-09,17:46:51,setup,WZ_4CR_8CAAB5CF47F1-ST_ON00,PythonMQTTClient
2025-01-09,17:46:52,home,WZ_MDR_94B97E15DCEB-S301,PythonMQTTClient
2025-01-09,17:46:54,setup,WZ_4CR_8CAAB5CF47F1-ST_ON00,PythonMQTTClient
2025-01-09,17:46:55,home,WZ_MDR_94B97E15DCEB-S301,PythonMQTTClient
2025-01-09,17:46:57,setup,WZ_4CR_8CAAB5CF47F1-ST_ON00,PythonMQTTClient
2025-01-09,17:47:00,setup,WZ_4CR_8CAAB5CF47F1-ST_ON00,PythonMQTTClient
2025-01-09,17:47:00,home,WZ_MDR_94B97E15DCEB-S301,PythonMQTTClient
2025-01-09,17:47:02,setup,WZ_4CR_8CAAB5CF47F1-ST_ON00,PythonMQTTClient
2025-01-09,17:47:04,home,WZ_MDR_94B97E15DCEB-S301,PythonMQTTClient
2025-01-09,17:47:06,setup,WZ_4CR_8CAAB5CF47F1-ST_ON00,PythonMQTTClient
2025-01-09,17:47:07,home,WZ_MDR_94B97E15DCEB-S301,PythonMQTTClient
2025-01-09,17:47:08,setup,WZ_4CR_8CAAB5CF47F1-ST_ON00,PythonMQTTClient
2025-01-09,17:47:11,home,WZ_MDR_94B97E15DCEB-S301,PythonMQTTClient
2025-01-09,17:47:12,setup,WZ_4CR_8CAAB5CF47F1-ST_ON00,PythonMQTTClient
2025-01-09,17:47:14,setup,WZ_4CR_8CAAB5CF47F1-ST_ON00,PythonMQTTClient
2025-01-09,17:47:17,setup,WZ_4CR_8CAAB5CF47F1-ST_ON00,PythonMQTTClient
2025-01-09,17:47:20,setup,WZ_4CR_8CAAB5CF47F1-ST_ON00,PythonMQTTClient
2025-01-09,17:47:23,setup,WZ_4CR_8CAAB5CF47F1-ST_ON00,PythonMQTTClient
2025-01-09,17:47:26,setup,WZ_4CR_8CAAB5CF47F1-ST_ON00,PythonMQTTClient
2025-01-09,17:47:28,setup,WZ_4CR_8CAAB5CF47F1-ST_ON00,PythonMQTTClient
2025-01-09,17:47:31,setup,WZ_4CR_8CAAB5CF47F1-ST_ON00,PythonMQTTClient
2025-01-09,17:47:34,setup,WZ_4CR_8CAAB5CF47F1-ST_ON00,PythonMQTTClient
2025-01-09,17:47:37,setup,WZ_4CR_8CAAB5CF47F1-ST_ON00,PythonMQTTClient
2025-01-09,17:47:40,setup,WZ_4CR_8CAAB5CF47F1-ST_ON00,PythonMQTTClient
2025-01-09,17:47:44,setup,WZ_4CR_8CAAB5CF47F1-ST_ON00,PythonMQTTClient
2025-01-09,17:47:46,setup,WZ_4CR_8CAAB5CF47F1-ST_ON00,PythonMQTTClient
2025-01-09,17:47:49,home,WZ_MDR_94B97E15DCEB-K200,PythonMQTTClient
2025-01-09,17:47:50,setup,WZ_4CR_8CAAB5CF47F1-ST_ON00,PythonMQTTClient
2025-01-09,17:47:52,setup,WZ_4CR_8CAAB5CF47F1-ST_ON00,PythonMQTTClient
2025-01-09,17:47:54,setup,WZ_4CR_8CAAB5CF47F1-ST_ON00,PythonMQTTClient
2025-01-09,17:47:55,home,WZ_MDR_94B97E15DCEB-S100,PythonMQTTClient
2025-01-09,17:47:57,setup,WZ_4CR_8CAAB5CF47F1-ST_ON00,PythonMQTTClient
2025-01-09,17:48:00,setup,WZ_4CR_8CAAB5CF47F1-ST_ON00,PythonMQTTClient
2025-01-09,17:48:03,setup,WZ_4CR_8CAAB5CF47F1-ST_ON00,PythonMQTTClient
2025-01-09,17:48:06,setup,WZ_4CR_8CAAB5CF47F1-ST_ON00,PythonMQTTClient
2025-01-09,17:48:08,setup,WZ_4CR_8CAAB5CF47F1-ST_ON00,PythonMQTTClient
2025-01-09,17:48:11,setup,WZ_4CR_8CAAB5CF47F1-ST_ON00,PythonMQTTClient
2025-01-09,17:48:14,setup,WZ_4CR_8CAAB5CF47F1-ST_ON00,PythonMQTTClient
2025-01-09,17:48:17,setup,WZ_4CR_8CAAB5CF47F1-ST_ON00,PythonMQTTClient
2025-01-09,17:48:21,setup,WZ_4CR_8CAAB5CF47F1-ST_ON00,PythonMQTTClient
2025-01-09,17:48:24,setup,WZ_4CR_8CAAB5CF47F1-ST_ON00,PythonMQTTClient
2025-01-09,17:48:27,setup,WZ_4CR_8CAAB5CF47F1-ST_ON00,PythonMQTTClient
2025-01-09,17:48:30,setup,WZ_4CR_8CAAB5CF47F1-ST_ON00,PythonMQTTClient
2025-01-09,17:48:34,setup,WZ_4CR_8CAAB5CF47F1-ST_ON00,PythonMQTTClient
2025-01-09,17:48:37,setup,WZ_4CR_8CAAB5CF47F1-ST_ON00,PythonMQTTClient
2025-01-09,17:48:40,setup,WZ_4CR_8CAAB5CF47F1-ST_ON00,PythonMQTTClient
2025-01-09,17:48:43,setup,WZ_4CR_8CAAB5CF47F1-ST_ON00,PythonMQTTClient
2025-01-09,17:48:46,setup,WZ_4CR_8CAAB5CF47F1-ST_ON00,PythonMQTTClient
2025-01-09,17:48:49,setup,WZ_4CR_8CAAB5CF47F1-ST_ON00,PythonMQTTClient
2025-01-09,17:48:51,setup,WZ_4CR_8CAAB5CF47F1-ST_ON00,PythonMQTTClient
2025-01-09,17:48:55,setup,WZ_4CR_8CAAB5CF47F1-ST_ON00,PythonMQTTClient
2025-01-09,17:48:58,home,WZ_MDR_94B97E15DCEB-S301,PythonMQTTClient
2025-01-09,17:48:58,setup,WZ_4CR_8CAAB5CF47F1-ST_ON00,PythonMQTTClient
2025-01-09,17:48:58,home,WZ_MDR_94B97E15DCEB-S101,PythonMQTTClient
2025-01-09,17:49:01,setup,WZ_4CR_8CAAB5CF47F1-ST_ON00,PythonMQTTClient
2025-01-09,17:49:04,setup,WZ_4CR_8CAAB5CF47F1-ST_ON00,PythonMQTTClient
2025-01-09,17:49:06,setup,WZ_4CR_8CAAB5CF47F1-ST_ON00,PythonMQTTClient
2025-01-09,17:49:10,setup,WZ_4CR_8CAAB5CF47F1-ST_ON00,PythonMQTTClient
2025-01-09,17:49:12,setup,WZ_4CR_8CAAB5CF47F1-ST_ON00,PythonMQTTClient
2025-01-09,17:49:15,setup,WZ_4CR_8CAAB5CF47F1-ST_ON00,PythonMQTTClient
2025-01-09,17:49:17,setup,WZ_4CR_8CAAB5CF47F1-ST_ON00,PythonMQTTClient
2025-01-09,17:49:20,setup,WZ_4CR_8CAAB5CF47F1-ST_ON00,PythonMQTTClient
2025-01-09,17:49:24,setup,WZ_4CR_8CAAB5CF47F1-ST_ON00,PythonMQTTClient
2025-01-09,17:49:27,setup,WZ_4CR_8CAAB5CF47F1-ST_ON00,PythonMQTTClient
2025-01-09,17:49:30,setup,WZ_4CR_8CAAB5CF47F1-ST_ON00,PythonMQTTClient
2025-01-09,17:49:33,setup,WZ_4CR_8CAAB5CF47F1-ST_ON00,PythonMQTTClient
2025-01-09,17:49:36,setup,WZ_4CR_8CAAB5CF47F1-ST_ON00,PythonMQTTClient
2025-01-09,17:49:39,setup,WZ_4CR_8CAAB5CF47F1-ST_ON00,PythonMQTTClient
2025-01-09,17:49:40,home,WZ_MDR_94B97E15DCEB-S100,PythonMQTTClient
2025-01-09,17:49:42,setup,WZ_4CR_8CAAB5CF47F1-ST_ON00,PythonMQTTClient
2025-01-09,17:49:45,setup,WZ_4CR_8CAAB5CF47F1-ST_ON00,PythonMQTTClient
2025-01-09,17:49:49,setup,WZ_4CR_8CAAB5CF47F1-ST_ON00,PythonMQTTClient
2025-01-09,17:49:52,setup,WZ_4CR_8CAAB5CF47F1-ST_ON00,PythonMQTTClient
2025-01-09,17:49:55,setup,WZ_4CR_8CAAB5CF47F1-ST_ON00,PythonMQTTClient
2025-01-09,17:49:58,setup,WZ_4CR_8CAAB5CF47F1-ST_ON00,PythonMQTTClient
2025-01-09,17:50:01,setup,WZ_4CR_8CAAB5CF47F1-ST_ON00,PythonMQTTClient
2025-01-09,17:50:04,setup,WZ_4CR_8CAAB5CF47F1-ST_ON00,PythonMQTTClient
2025-01-09,17:50:07,setup,WZ_4CR_8CAAB5CF47F1-ST_ON00,PythonMQTTClient
2025-01-09,17:50:10,setup,WZ_4CR_8CAAB5CF47F1-ST_ON00,PythonMQTTClient
2025-01-09,17:50:13,setup,WZ_4CR_8CAAB5CF47F1-ST_ON00,PythonMQTTClient
2025-01-09,17:50:16,setup,WZ_4CR_8CAAB5CF47F1-ST_ON00,PythonMQTTClient
2025-01-09,17:50:19,setup,WZ_4CR_8CAAB5CF47F1-ST_ON00,PythonMQTTClient
2025-01-09,17:50:22,setup,WZ_4CR_8CAAB5CF47F1-ST_ON00,PythonMQTTClient
2025-01-09,17:50:25,setup,WZ_4CR_8CAAB5CF47F1-ST_ON00,PythonMQTTClient
2025-01-09,17:50:28,setup,WZ_4CR_8CAAB5CF47F1-ST_ON00,PythonMQTTClient
2025-01-09,17:50:31,setup,WZ_4CR_8CAAB5CF47F1-ST_ON00,PythonMQTTClient
2025-01-09,17:50:34,setup,WZ_4CR_8CAAB5CF47F1-ST_ON00,PythonMQTTClient
2025-01-09,17:50:38,setup,WZ_4CR_8CAAB5CF47F1-ST_ON00,PythonMQTTClient
2025-01-09,17:50:40,setup,WZ_4CR_8CAAB5CF47F1-ST_ON00,PythonMQTTClient
2025-01-09,17:50:43,setup,WZ_4CR_8CAAB5CF47F1-ST_ON00,PythonMQTTClient
2025-01-09,17:50:46,setup,WZ_4CR_8CAAB5CF47F1-ST_ON00,PythonMQTTClient
2025-01-09,17:50:49,setup,WZ_4CR_8CAAB5CF47F1-ST_ON00,PythonMQTTClient
2025-01-09,17:51:10,home,WZ_MDR_94B97E15DCEB-S301,PythonMQTTClient
2025-01-09,17:51:10,home,WZ_MDR_94B97E15DCEB-S101,PythonMQTTClient
2025-01-09,17:51:14,home,WZ_MDR_94B97E15DCEB-S301,PythonMQTTClient
2025-01-09,17:51:16,setup,WZ_4CR_8CAAB5CF47F1-ST_ON00,PythonMQTTClient
2025-01-09,17:51:17,home,WZ_MDR_94B97E15DCEB-S301,PythonMQTTClient
2025-01-09,17:51:20,setup,WZ_4CR_8CAAB5CF47F1-ST_ON00,PythonMQTTClient
2025-01-09,17:51:22,setup,WZ_4CR_8CAAB5CF47F1-ST_ON00,PythonMQTTClient
2025-01-09,17:51:23,home,WZ_MDR_94B97E15DCEB-S301,PythonMQTTClient
2025-01-09,17:51:25,setup,WZ_4CR_8CAAB5CF47F1-ST_ON00,PythonMQTTClient
2025-01-09,17:51:26,home,WZ_MDR_94B97E15DCEB-S301,PythonMQTTClient
2025-01-09,17:51:27,setup,WZ_4CR_8CAAB5CF47F1-ST_ON00,PythonMQTTClient
2025-01-09,17:51:30,setup,WZ_4CR_8CAAB5CF47F1-ST_ON00,PythonMQTTClient
2025-01-09,17:51:31,home,WZ_MDR_94B97E15DCEB-S301,PythonMQTTClient
2025-01-09,17:51:32,setup,WZ_4CR_8CAAB5CF47F1-ST_ON00,PythonMQTTClient
2025-01-09,17:51:34,home,WZ_MDR_94B97E15DCEB-S301,PythonMQTTClient
2025-01-09,17:51:35,setup,WZ_4CR_8CAAB5CF47F1-ST_ON00,PythonMQTTClient
2025-01-09,17:51:37,setup,WZ_4CR_8CAAB5CF47F1-ST_ON00,PythonMQTTClient
2025-01-09,17:51:41,setup,WZ_4CR_8CAAB5CF47F1-ST_ON00,PythonMQTTClient
2025-01-09,17:51:43,setup,WZ_4CR_8CAAB5CF47F1-ST_ON00,PythonMQTTClient
2025-01-09,17:51:46,setup,WZ_4CR_8CAAB5CF47F1-ST_ON00,PythonMQTTClient
2025-01-09,17:51:48,setup,WZ_4CR_8CAAB5CF47F1-ST_ON00,PythonMQTTClient
2025-01-09,17:51:51,setup,WZ_4CR_8CAAB5CF47F1-ST_ON00,PythonMQTTClient
2025-01-09,17:51:53,setup,WZ_4CR_8CAAB5CF47F1-ST_ON00,PythonMQTTClient
2025-01-09,17:51:56,setup,WZ_4CR_8CAAB5CF47F1-ST_ON00,PythonMQTTClient
2025-01-09,17:51:59,setup,WZ_4CR_8CAAB5CF47F1-ST_ON00,PythonMQTTClient
2025-01-09,17:52:01,setup,WZ_4CR_8CAAB5CF47F1-ST_ON00,PythonMQTTClient
2025-01-09,17:52:05,setup,WZ_4CR_8CAAB5CF47F1-ST_ON00,PythonMQTTClient
2025-01-09,17:52:07,setup,WZ_4CR_8CAAB5CF47F1-RESET,PythonMQTTClient
2025-01-09,17:52:07,setup,WZ_4CR_8CAAB5CF47F1-ST_ON00,PythonMQTTClient
2025-01-09,17:52:10,setup,WZ_4CR_8CAAB5CF47F1-ST_ON00,PythonMQTTClient
2025-01-09,17:52:14,setup,WZ_4CR_8CAAB5CF47F1-ST_ON00,PythonMQTTClient
2025-01-09,17:52:15,home,WZ_4CR_8CAAB5CF47F1-RESET,PythonMQTTClient
2025-01-09,17:52:17,setup,WZ_4CR_8CAAB5CF47F1-ST_ON00,PythonMQTTClient
2025-01-09,17:52:18,home,WZ_MDR_94B97E15DCEB-S100,PythonMQTTClient
2025-01-09,17:52:20,setup,WZ_4CR_8CAAB5CF47F1-ST_ON00,PythonMQTTClient
2025-01-09,17:52:22,setup,WZ_4CR_8CAAB5CF47F1-ST_ON00,PythonMQTTClient
2025-01-09,17:52:25,home,WZ_MDR_94B97E15DCEB-S301,PythonMQTTClient
2025-01-09,17:52:25,setup,WZ_4CR_8CAAB5CF47F1-ST_ON00,PythonMQTTClient
2025-01-09,17:52:26,home,WZ_MDR_94B97E15DCEB-S101,PythonMQTTClient
2025-01-09,17:52:29,setup,WZ_4CR_8CAAB5CF47F1-ST_ON00,PythonMQTTClient
2025-01-09,17:52:30,home,WZ_MDR_94B97E15DCEB-S301,PythonMQTTClient
2025-01-09,17:52:32,setup,WZ_4CR_8CAAB5CF47F1-ST_ON00,PythonMQTTClient
2025-01-09,17:52:32,home,WZ_MDR_94B97E15DCEB-S301,PythonMQTTClient
2025-01-09,17:52:34,setup,WZ_4CR_8CAAB5CF47F1-ST_ON00,PythonMQTTClient
2025-01-09,17:52:37,setup,WZ_4CR_8CAAB5CF47F1-ST_ON00,PythonMQTTClient
2025-01-09,17:52:40,setup,WZ_4CR_8CAAB5CF47F1-ST_ON00,PythonMQTTClient
2025-01-09,17:52:43,setup,WZ_4CR_8CAAB5CF47F1-ST_ON00,PythonMQTTClient
2025-01-09,17:52:46,setup,WZ_4CR_8CAAB5CF47F1-ST_ON00,PythonMQTTClient
2025-01-09,17:52:49,setup,WZ_4CR_8CAAB5CF47F1-ST_ON00,PythonMQTTClient
2025-01-09,17:52:49,home,WZ_MDR_94B97E15DCEB-K200,PythonMQTTClient
2025-01-09,17:52:57,setup,WZ_4CR_8CAAB5CF47F1-ST_ON00,PythonMQTTClient
2025-01-09,17:52:57,setup,WZ_4CR_8CAAB5CF47F1-ST_ON00,PythonMQTTClient
2025-01-09,17:52:57,setup,WZ_4CR_8CAAB5CF47F1-ST_ON00,PythonMQTTClient
2025-01-09,17:52:59,setup,WZ_4CR_8CAAB5CF47F1-ST_ON00,PythonMQTTClient
2025-01-09,17:53:03,setup,WZ_4CR_8CAAB5CF47F1-ST_ON00,PythonMQTTClient
2025-01-09,17:53:06,setup,WZ_4CR_8CAAB5CF47F1-ST_ON00,PythonMQTTClient
2025-01-09,17:53:09,setup,WZ_4CR_8CAAB5CF47F1-ST_ON00,PythonMQTTClient
2025-01-09,17:53:11,setup,WZ_4CR_8CAAB5CF47F1-ST_ON00,PythonMQTTClient
2025-01-09,17:53:14,setup,WZ_4CR_8CAAB5CF47F1-ST_ON00,PythonMQTTClient
2025-01-09,17:53:15,home,WZ_MDR_94B97E15DCEB-S100,PythonMQTTClient
2025-01-09,17:53:16,setup,WZ_4CR_8CAAB5CF47F1-ST_ON00,PythonMQTTClient
2025-01-09,17:53:19,setup,WZ_4CR_8CAAB5CF47F1-ST_ON00,PythonMQTTClient
2025-01-09,17:53:22,setup,WZ_4CR_8CAAB5CF47F1-ST_ON00,PythonMQTTClient
2025-01-09,17:53:24,home,WZ_MDR_94B97E15DCEB-S301,PythonMQTTClient
2025-01-09,17:53:24,home,WZ_MDR_94B97E15DCEB-S101,PythonMQTTClient
2025-01-09,17:53:24,setup,WZ_4CR_8CAAB5CF47F1-ST_ON00,PythonMQTTClient
2025-01-09,17:53:27,setup,WZ_4CR_8CAAB5CF47F1-ST_ON00,PythonMQTTClient
2025-01-09,17:53:28,home,WZ_MDR_94B97E15DCEB-S301,PythonMQTTClient
2025-01-09,17:53:29,setup,WZ_4CR_8CAAB5CF47F1-ST_ON00,PythonMQTTClient
2025-01-09,17:53:32,home,WZ_MDR_94B97E15DCEB-S301,PythonMQTTClient
2025-01-09,17:53:32,setup,WZ_4CR_8CAAB5CF47F1-ST_ON00,PythonMQTTClient
2025-01-09,17:53:35,setup,WZ_4CR_8CAAB5CF47F1-ST_ON00,PythonMQTTClient
2025-01-09,17:53:38,setup,WZ_4CR_8CAAB5CF47F1-ST_ON00,PythonMQTTClient
2025-01-09,17:53:41,setup,WZ_4CR_8CAAB5CF47F1-ST_ON00,PythonMQTTClient
2025-01-09,17:53:44,setup,WZ_4CR_8CAAB5CF47F1-ST_ON00,PythonMQTTClient
2025-01-09,17:53:47,setup,WZ_4CR_8CAAB5CF47F1-ST_ON00,PythonMQTTClient
2025-01-09,17:53:50,setup,WZ_4CR_8CAAB5CF47F1-ST_ON00,PythonMQTTClient
2025-01-09,17:53:53,setup,WZ_4CR_8CAAB5CF47F1-ST_ON00,PythonMQTTClient
2025-01-09,17:53:56,setup,WZ_4CR_8CAAB5CF47F1-ST_ON00,PythonMQTTClient
2025-01-09,17:53:59,setup,WZ_4CR_8CAAB5CF47F1-ST_ON00,PythonMQTTClient
2025-01-09,17:54:02,setup,WZ_4CR_8CAAB5CF47F1-ST_ON00,PythonMQTTClient
2025-01-09,17:54:04,setup,WZ_4CR_8CAAB5CF47F1-ST_ON00,PythonMQTTClient
2025-01-09,17:54:06,setup,WZ_4CR_8CAAB5CF47F1-ST_ON00,PythonMQTTClient
2025-01-09,17:54:10,setup,WZ_4CR_8CAAB5CF47F1-ST_ON00,PythonMQTTClient
2025-01-09,17:54:12,setup,WZ_4CR_8CAAB5CF47F1-ST_ON00,PythonMQTTClient
2025-01-09,17:54:16,setup,WZ_4CR_8CAAB5CF47F1-ST_ON00,PythonMQTTClient
2025-01-09,17:54:16,home,WZ_MDR_94B97E15DCEB-S100,PythonMQTTClient
2025-01-09,17:54:18,setup,WZ_4CR_8CAAB5CF47F1-ST_ON00,PythonMQTTClient
2025-01-09,17:54:21,setup,WZ_4CR_8CAAB5CF47F1-ST_ON00,PythonMQTTClient
2025-01-09,17:54:24,setup,WZ_4CR_8CAAB5CF47F1-ST_ON00,PythonMQTTClient
2025-01-09,17:54:26,setup,WZ_4CR_8CAAB5CF47F1-ST_ON00,PythonMQTTClient
2025-01-09,17:54:29,setup,WZ_4CR_8CAAB5CF47F1-ST_ON00,PythonMQTTClient
2025-01-09,17:54:32,setup,WZ_4CR_8CAAB5CF47F1-ST_ON00,PythonMQTTClient
2025-01-09,17:54:35,setup,WZ_4CR_8CAAB5CF47F1-ST_ON00,PythonMQTTClient
2025-01-09,17:54:37,setup,WZ_4CR_8CAAB5CF47F1-ST_ON00,PythonMQTTClient
2025-01-09,17:54:40,setup,WZ_4CR_8CAAB5CF47F1-ST_ON00,PythonMQTTClient
2025-01-09,17:55:57,home,WZ_MDR_94B97E15DCEB-S301,PythonMQTTClient
2025-01-09,17:55:57,home,WZ_MDR_94B97E15DCEB-S101,PythonMQTTClient
2025-01-09,17:55:57,home,WZ_MDR_94B97E15DCEB-S301,PythonMQTTClient
2025-01-09,17:56:01,home,WZ_MDR_94B97E15DCEB-S301,PythonMQTTClient
2025-01-09,17:58:04,home,WZ_MDR_94B97E15DCEB-K200,PythonMQTTClient
2025-01-09,17:59:01,home,WZ_MDR_94B97E15DCEB-S100,PythonMQTTClient
2025-01-09,17:59:27,setup,WZ_MDR_94B97E15DCEB-ST_ON00,PythonMQTTClient
2025-01-09,17:59:28,home,WZ_MDR_94B97E15DCEB-S100,PythonMQTTClient
2025-01-09,17:59:48,home,WZ_MDR_94B97E15DCEB-S301,PythonMQTTClient
2025-01-09,17:59:49,home,WZ_MDR_94B97E15DCEB-S101,PythonMQTTClient
2025-01-09,17:59:50,home,WZ_MDR_94B97E15DCEB-S301,PythonMQTTClient
2025-01-09,17:59:57,home,WZ_MDR_94B97E15DCEB-S301,PythonMQTTClient
2025-01-09,18:00:00,home,WZ_MDR_94B97E15DCEB-S301,PythonMQTTClient
2025-01-09,18:00:10,home,WZ_MDR_94B97E15DCEB-S301,PythonMQTTClient
2025-01-09,18:00:13,home,WZ_MDR_94B97E15DCEB-S301,PythonMQTTClient
2025-01-09,18:00:31,home,WZ_MDR_94B97E15DCEB-S301,PythonMQTTClient
2025-01-09,18:00:32,home,WZ_MDR_94B97E15DCEB-S301,PythonMQTTClient
2025-01-09,18:00:51,home,WZ_MDR_94B97E15DCEB-S301,PythonMQTTClient
2025-01-09,18:01:03,home,WZ_MDR_94B97E15DCEB-S301,PythonMQTTClient
2025-01-09,18:01:07,home,WZ_MDR_94B97E15DCEB-S301,PythonMQTTClient
2025-01-09,18:01:10,home,WZ_MDR_94B97E15DCEB-S301,PythonMQTTClient
2025-01-09,18:01:22,home,WZ_MDR_94B97E15DCEB-S301,PythonMQTTClient
2025-01-09,18:01:26,home,WZ_MDR_94B97E15DCEB-S301,PythonMQTTClient
2025-01-09,18:01:45,home,WZ_MDR_94B97E15DCEB-S301,PythonMQTTClient
2025-01-09,18:01:48,home,WZ_MDR_94B97E15DCEB-S301,PythonMQTTClient
2025-01-09,18:01:52,home,WZ_MDR_94B97E15DCEB-S301,PythonMQTTClient
2025-01-09,18:01:55,home,WZ_MDR_94B97E15DCEB-S301,PythonMQTTClient
2025-01-09,18:01:58,home,WZ_MDR_94B97E15DCEB-S301,PythonMQTTClient
2025-01-09,18:02:01,home,WZ_MDR_94B97E15DCEB-S301,PythonMQTTClient
2025-01-09,18:02:05,home,WZ_MDR_94B97E15DCEB-S301,PythonMQTTClient
2025-01-09,18:02:10,home,WZ_MDR_94B97E15DCEB-S301,PythonMQTTClient
2025-01-09,18:02:12,home,WZ_MDR_94B97E15DCEB-S301,PythonMQTTClient
2025-01-09,18:02:15,home,WZ_MDR_94B97E15DCEB-S301,PythonMQTTClient
2025-01-09,18:02:23,setup,WZ_MDR_94B97E15DCEB-ST_ON00,PythonMQTTClient
2025-01-09,18:02:24,home,WZ_MDR_94B97E15DCEB-S101,PythonMQTTClient
2025-01-09,18:02:26,home,WZ_MDR_94B97E15DCEB-S301,PythonMQTTClient
2025-01-09,18:14:06,setup,WZ_4CR_8CAAB5CF47F1-ST_ON00,PythonMQTTClient
2025-01-09,18:14:34,setup,WZ_4CR_8CAAB5CF47F1-SC_home,PythonMQTTClient
2025-01-09,18:14:34,setup,WZ_4CR_8CAAB5CF47F1-S_ACK,PythonMQTTClient
2025-01-09,18:14:41,setup,WZ_MDR_94B97E15DCEB-ST_ON00,PythonMQTTClient
2025-01-09,18:14:47,setup,WZ_MDR_94B97E15DCEB-S301,PythonMQTTClient
2025-01-09,18:14:52,setup,WZ_MDR_94B97E15DCEB-S301,PythonMQTTClient
2025-01-09,18:15:02,setup,WZ_MDR_94B97E15DCEB-S301,PythonMQTTClient
2025-01-09,18:15:04,setup,WZ_MDR_94B97E15DCEB-S301,PythonMQTTClient
2025-01-09,18:15:08,setup,WZ_MDR_94B97E15DCEB-SC_home,PythonMQTTClient
2025-01-09,18:15:08,setup,WZ_MDR_94B97E15DCEB-S_ACK,PythonMQTTClient
2025-01-09,18:15:09,home,WZ_MDR_94B97E15DCEB-S301,PythonMQTTClient
2025-01-09,18:15:09,home,WZ_MDR_94B97E15DCEB-S101,PythonMQTTClient
2025-01-09,18:15:09,home,WZ_MDR_94B97E15DCEB-S100,PythonMQTTClient
2025-01-09,18:15:16,home,WZ_MDR_94B97E15DCEB-S301,PythonMQTTClient
2025-01-09,18:15:16,home,WZ_MDR_94B97E15DCEB-S101,PythonMQTTClient
2025-01-09,18:15:16,home,WZ_MDR_94B97E15DCEB-S100,PythonMQTTClient
2025-01-09,18:15:19,home,WZ_MDR_94B97E15DCEB-S301,PythonMQTTClient
2025-01-09,18:15:19,home,WZ_MDR_94B97E15DCEB-S101,PythonMQTTClient
2025-01-09,18:15:19,home,WZ_MDR_94B97E15DCEB-S100,PythonMQTTClient
2025-01-09,18:15:22,home,WZ_MDR_94B97E15DCEB-S301,PythonMQTTClient
2025-01-09,18:15:22,home,WZ_MDR_94B97E15DCEB-S101,PythonMQTTClient
2025-01-09,18:15:22,home,WZ_MDR_94B97E15DCEB-S100,PythonMQTTClient
2025-01-09,18:15:29,home,WZ_MDR_94B97E15DCEB-S301,PythonMQTTClient
2025-01-09,18:15:29,home,WZ_MDR_94B97E15DCEB-S101,PythonMQTTClient
2025-01-09,18:15:29,home,WZ_MDR_94B97E15DCEB-S100,PythonMQTTClient
2025-01-09,18:15:32,home,WZ_MDR_94B97E15DCEB-S301,PythonMQTTClient
2025-01-09,18:15:32,home,WZ_MDR_94B97E15DCEB-S101,PythonMQTTClient
2025-01-09,18:15:32,home,WZ_MDR_94B97E15DCEB-S100,PythonMQTTClient
2025-01-09,18:15:35,home,WZ_MDR_94B97E15DCEB-S301,PythonMQTTClient
2025-01-09,18:15:35,home,WZ_MDR_94B97E15DCEB-S101,PythonMQTTClient
2025-01-09,18:15:35,home,WZ_MDR_94B97E15DCEB-S100,PythonMQTTClient
2025-01-09,18:15:38,home,WZ_MDR_94B97E15DCEB-S301,PythonMQTTClient
2025-01-09,18:15:38,home,WZ_MDR_94B97E15DCEB-S101,PythonMQTTClient
2025-01-09,18:15:38,home,WZ_MDR_94B97E15DCEB-S100,PythonMQTTClient
2025-01-09,18:15:41,home,WZ_MDR_94B97E15DCEB-S301,PythonMQTTClient
2025-01-09,18:15:42,home,WZ_MDR_94B97E15DCEB-S101,PythonMQTTClient
2025-01-09,18:15:42,home,WZ_MDR_94B97E15DCEB-S100,PythonMQTTClient
2025-01-09,18:15:45,home,WZ_MDR_94B97E15DCEB-S301,PythonMQTTClient
2025-01-09,18:15:46,home,WZ_MDR_94B97E15DCEB-S101,PythonMQTTClient
2025-01-09,18:15:46,home,WZ_MDR_94B97E15DCEB-S100,PythonMQTTClient
2025-01-09,18:15:56,home,WZ_MDR_94B97E15DCEB-S101,PythonMQTTClient
2025-01-09,18:16:00,home,WZ_MDR_94B97E15DCEB-S301,PythonMQTTClient
2025-01-09,18:16:00,home,WZ_MDR_94B97E15DCEB-S101,PythonMQTTClient
2025-01-09,18:16:00,home,WZ_MDR_94B97E15DCEB-S100,PythonMQTTClient
2025-01-09,18:16:05,home,WZ_MDR_94B97E15DCEB-S101,PythonMQTTClient
2025-01-09,18:16:21,home,WZ_MDR_94B97E15DCEB-S301,PythonMQTTClient
2025-01-09,18:16:22,home,WZ_MDR_94B97E15DCEB-S101,PythonMQTTClient
2025-01-09,18:16:22,home,WZ_MDR_94B97E15DCEB-S100,PythonMQTTClient
2025-01-09,18:16:25,home,WZ_MDR_94B97E15DCEB-S301,PythonMQTTClient
2025-01-09,18:16:25,home,WZ_MDR_94B97E15DCEB-S101,PythonMQTTClient
2025-01-09,18:16:25,home,WZ_MDR_94B97E15DCEB-S100,PythonMQTTClient
2025-01-09,18:16:31,home,WZ_MDR_94B97E15DCEB-S301,PythonMQTTClient
2025-01-09,18:16:31,home,WZ_MDR_94B97E15DCEB-S101,PythonMQTTClient
2025-01-09,18:16:31,home,WZ_MDR_94B97E15DCEB-S100,PythonMQTTClient
2025-01-09,18:16:36,home,WZ_MDR_94B97E15DCEB-D90,PythonMQTTClient
2025-01-09,18:16:57,home,WZ_MDR_94B97E15DCEB-S301,PythonMQTTClient
2025-01-09,18:16:58,home,WZ_MDR_94B97E15DCEB-S101,PythonMQTTClient
2025-01-09,18:17:06,home,WZ_4CR_8CAAB5CF47F1-K200,PythonMQTTClient
2025-01-09,18:17:09,home,WZ_4CR_8CAAB5CF47F1-R101,PythonMQTTClient
2025-01-09,18:17:12,home,WZ_MDR_94B97E15DCEB-S301,PythonMQTTClient
2025-01-09,18:17:15,home,WZ_MDR_94B97E15DCEB-S301,PythonMQTTClient
2025-01-09,18:17:18,home,WZ_4CR_8CAAB5CF47F1-R201,PythonMQTTClient
2025-01-09,18:17:21,home,WZ_MDR_94B97E15DCEB-K200,PythonMQTTClient
2025-01-09,18:17:26,home,WZ_MDR_94B97E15DCEB-S301,PythonMQTTClient
2025-01-09,18:17:26,home,WZ_MDR_94B97E15DCEB-S101,PythonMQTTClient
2025-01-09,18:18:23,home,WZ_MDR_94B97E15DCEB-S301,PythonMQTTClient
2025-01-09,18:19:37,home,WZ_MDR_94B97E15DCEB-S301,PythonMQTTClient
2025-01-09,18:19:44,home,WZ_MDR_94B97E15DCEB-S301,PythonMQTTClient
2025-01-09,18:19:48,home,WZ_MDR_94B97E15DCEB-S301,PythonMQTTClient
2025-01-09,18:19:52,home,WZ_MDR_94B97E15DCEB-S301,PythonMQTTClient
2025-01-09,18:19:58,home,WZ_MDR_94B97E15DCEB-S301,PythonMQTTClient
2025-01-09,18:20:06,home,WZ_MDR_94B97E15DCEB-S301,PythonMQTTClient
2025-01-09,18:20:09,home,WZ_MDR_94B97E15DCEB-S301,PythonMQTTClient
2025-01-09,18:20:13,home,WZ_MDR_94B97E15DCEB-S301,PythonMQTTClient
2025-01-09,18:20:17,home,WZ_MDR_94B97E15DCEB-S301,PythonMQTTClient
2025-01-09,18:20:20,home,WZ_MDR_94B97E15DCEB-S301,PythonMQTTClient
2025-01-09,21:07:05,home,WZ_4CR_8CAAB5CF47F1-K200,PythonMQTTClient
2025-01-09,21:07:21,home,WZ_MDR_94B97E15DCEB-K200,PythonMQTTClient
2025-01-09,21:12:05,home,WZ_4CR_8CAAB5CF47F1-K200,PythonMQTTClient
2025-01-09,21:12:21,home,WZ_MDR_94B97E15DCEB-K200,PythonMQTTClient
2025-01-09,21:17:05,home,WZ_4CR_8CAAB5CF47F1-K200,PythonMQTTClient
2025-01-09,21:17:21,home,WZ_MDR_94B97E15DCEB-K200,PythonMQTTClient
2025-01-09,21:22:05,home,WZ_4CR_8CAAB5CF47F1-K200,PythonMQTTClient
2025-01-09,21:22:21,home,WZ_MDR_94B97E15DCEB-K200,PythonMQTTClient
2025-01-09,21:35:00,home,WZ_4CR_8CAAB5CF47F1-K200,PythonMQTTClient
2025-01-09,21:37:05,home,WZ_4CR_8CAAB5CF47F1-K200,PythonMQTTClient
2025-01-09,21:37:21,home,WZ_MDR_94B97E15DCEB-K200,PythonMQTTClient
2025-01-09,21:42:05,home,WZ_4CR_8CAAB5CF47F1-K200,PythonMQTTClient
2025-01-09,21:42:21,home,WZ_MDR_94B97E15DCEB-K200,PythonMQTTClient
2025-01-09,21:47:05,home,WZ_4CR_8CAAB5CF47F1-K200,PythonMQTTClient
2025-01-09,21:47:21,home,WZ_MDR_94B97E15DCEB-K200,PythonMQTTClient
2025-01-09,21:52:05,home,WZ_4CR_8CAAB5CF47F1-K200,PythonMQTTClient
2025-01-09,21:52:21,home,WZ_MDR_94B97E15DCEB-K200,PythonMQTTClient
2025-01-09,21:57:05,home,WZ_4CR_8CAAB5CF47F1-K200,PythonMQTTClient
2025-01-09,21:57:21,home,WZ_MDR_94B97E15DCEB-K200,PythonMQTTClient
2025-01-09,22:02:05,home,WZ_4CR_8CAAB5CF47F1-K200,PythonMQTTClient
2025-01-09,22:02:21,home,WZ_MDR_94B97E15DCEB-K200,PythonMQTTClient
2025-01-09,22:07:05,home,WZ_4CR_8CAAB5CF47F1-K200,PythonMQTTClient
2025-01-09,22:07:21,home,WZ_MDR_94B97E15DCEB-K200,PythonMQTTClient
